,Player,Tm,Age,Pos,G,GS,Tgt,Rec,Ctch%,Yds,Y/R,TD,1D,Lng,Y/Tgt,R/G,Y/G,Fmb
0,StefonDiggs,BUF,27,WR,16,15,166,127,76.5%,1535,12.1,8,73,55,9.2,7.9,95.9,0
1,DavanteAdams,GNB,28,WR,14,14,149,115,77.2%,1374,11.9,18,73,56,9.2,8.2,98.1,1
2,DeAndreHopkins,ARI,28,WR,16,16,160,115,71.9%,1407,12.2,6,75,60,8.8,7.2,87.9,3
3,DarrenWaller,LVR,28,TE,16,15,145,107,73.8%,1196,11.2,9,69,38,8.2,6.7,74.8,2
4,TravisKelce,KAN,31,TE,15,15,145,105,72.4%,1416,13.5,11,79,45,9.8,7.0,94.4,1
5,AllenRobinson,CHI,27,WR,16,16,151,102,67.5%,1250,12.3,6,68,42,8.3,6.4,78.1,0
6,KeenanAllen,LAC,28,WR,14,13,147,100,68.0%,992,9.9,8,61,28,6.7,7.1,70.9,3
7,TylerLockett,SEA,28,WR,16,16,132,100,75.8%,1054,10.5,10,57,47,8.0,6.3,65.9,1
8,JuJuSmith-Schuster,PIT,24,WR,16,14,128,97,75.8%,831,8.6,9,48,31,6.5,6.1,51.9,3
9,RobbyAnderson,CAR,27,WR,16,16,136,95,69.9%,1096,11.5,3,49,75,8.1,5.9,68.5,1
10,AmariCooper,DAL,26,WR,16,15,130,92,70.8%,1114,12.1,5,54,69,8.6,5.8,69.6,0
11,CooperKupp,LAR,27,WR,15,12,124,92,74.2%,974,10.6,3,44,55,7.9,6.1,64.9,1
12,CalvinRidley,ATL,26,WR,15,15,143,90,62.9%,1374,15.3,9,65,63,9.6,6.0,91.6,1
13,RobertWoods,LAR,28,WR,16,16,129,90,69.8%,936,10.4,6,44,56,7.3,5.6,58.5,2
14,JustinJefferson,MIN,21,WR,16,14,125,88,70.4%,1400,15.9,7,58,71,11.2,5.5,87.5,1
15,DiontaeJohnson,PIT,24,WR,15,13,144,88,61.1%,923,10.5,7,45,47,6.4,5.9,61.5,2
16,TyreekHill,KAN,26,WR,15,15,135,87,64.4%,1276,14.7,15,57,75,9.5,5.8,85.1,1
17,TerryMcLaurin,WAS,25,WR,15,15,134,87,64.9%,1118,12.9,4,51,68,8.3,5.8,74.5,1
18,AlvinKamara,NOR,25,rb,15,10,107,83,77.6%,756,9.1,5,35,52,7.1,5.5,50.4,1
19,DKMetcalf,SEA,23,WR,16,16,129,83,64.3%,1303,15.7,10,63,62,10.1,5.2,81.4,1
20,ColeBeasley,BUF,31,wr,15,10,107,82,76.6%,967,11.8,4,53,35,9.0,5.5,64.5,0
21,BrandinCooks,HOU,27,WR,15,15,119,81,68.1%,1150,14.2,6,51,57,9.7,5.4,76.7,0
22,JDMcKissic,WAS,27,rb,16,7,110,80,72.7%,589,7.4,2,32,29,5.4,5.0,36.8,3
23,TylerBoyd,CIN,26,wr,15,8,110,79,71.8%,841,10.6,4,43,72,7.6,5.3,56.1,1
24,CurtisSamuel,CAR,24,wr,15,5,97,77,79.4%,851,11.1,3,39,44,8.8,5.1,56.7,1
25,MarvinJones,DET,30,WR,16,16,115,76,66.1%,978,12.9,9,52,43,8.5,4.8,61.1,0
26,CeeDeeLamb,DAL,21,WR,16,14,111,74,66.7%,935,12.6,5,46,52,8.4,4.6,58.4,2
27,AdamThielen,MIN,30,WR,15,15,108,74,68.5%,925,12.5,14,52,51,8.6,4.9,61.7,0
28,RussellGage,ATL,24,wr,16,8,109,72,66.1%,786,10.9,4,50,35,7.2,4.5,49.1,0
29,JarvisLandry,CLE,28,WR,15,14,101,72,71.3%,840,11.7,3,46,32,8.3,4.8,56.0,2
30,LoganThomas,WAS,29,TE,16,15,110,72,65.5%,670,9.3,6,36,30,6.1,4.5,41.9,0
31,AJBrown,TEN,23,WR,14,12,106,70,66.0%,1075,15.4,11,55,73,10.1,5.0,76.8,2
32,MikeEvans,TAM,27,WR,16,16,109,70,64.2%,1006,14.4,13,55,50,9.2,4.4,62.9,0
33,TeeHiggins,CIN,21,WR,16,14,108,67,62.0%,908,13.6,6,52,67,8.4,4.2,56.8,1
34,TJHockenson,DET,23,TE,16,16,101,67,66.3%,723,10.8,6,40,51,7.2,4.2,45.2,1
35,DJMoore,CAR,23,WR,15,14,118,66,55.9%,1193,18.1,4,53,74,10.1,4.4,79.5,0
36,SterlingShepard,NYG,27,WR,12,12,90,66,73.3%,656,9.9,3,37,29,7.3,5.5,54.7,0
37,CoreyDavis,TEN,25,WR,14,12,92,65,70.7%,984,15.1,5,49,75,10.7,4.6,70.3,1
38,ChrisGodwin,TAM,24,WR,12,12,84,65,77.4%,840,12.9,7,43,47,10.0,5.4,70.0,1
39,EvanEngram,NYG,26,TE,16,14,109,63,57.8%,654,10.4,1,29,53,6.0,3.9,40.9,1
40,NyheimHines,IND,24,rb,16,2,76,63,82.9%,482,7.7,4,24,29,6.3,3.9,30.1,0
41,DeVanteParker,MIA,27,WR,14,11,103,63,61.2%,793,12.6,4,45,31,7.7,4.5,56.6,1
42,DaltonSchultz,DAL,24,TE,16,14,89,63,70.8%,615,9.8,4,33,28,6.9,3.9,38.4,1
43,ChaseClaypool,PIT,22,wr,16,6,109,62,56.9%,873,14.1,9,41,84,8.0,3.9,54.6,3
44,NoahFant,DEN,23,TE,15,14,93,62,66.7%,673,10.9,3,34,37,7.2,4.1,44.9,0
45,DarnellMooney,CHI,23,wr,16,9,98,61,62.2%,631,10.3,4,33,53,6.4,3.8,39.4,1
46,EmmanuelSanders,NOR,33,wr,14,5,82,61,74.4%,726,11.9,5,33,51,8.9,4.4,51.9,1
47,BrandonAiyuk,SFO,22,WR,12,11,96,60,62.5%,748,12.5,5,42,49,7.8,5.0,62.3,0
48,HunterHenry,LAC,26,TE,14,14,93,60,64.5%,613,10.2,4,35,33,6.6,4.3,43.8,0
49,JamisonCrowder,NYJ,27,wr,12,7,89,59,66.3%,699,11.8,6,32,69,7.9,4.9,58.3,0
50,MikeDavis,CAR,27,RB,15,12,70,59,84.3%,373,6.3,2,17,23,5.3,3.9,24.9,1
51,MichaelGallup,DAL,24,WR,16,15,105,59,56.2%,843,14.3,5,44,55,8.0,3.7,52.7,0
52,JakobiMeyers,NWE,24,wr,14,9,81,59,72.8%,729,12.4,0,37,35,9.0,4.2,52.1,1
53,MarkAndrews,BAL,25,te,14,2,88,58,65.9%,701,12.1,7,37,39,8.0,4.1,50.1,2
54,MarquiseBrown,BAL,23,WR,16,14,100,58,58.0%,769,13.3,8,35,70,7.7,3.6,48.1,0
55,LaviskaShenault,JAX,22,WR,14,12,79,58,73.4%,600,10.3,5,33,36,7.6,4.1,42.9,0
56,EricEbron,PIT,27,te,15,9,91,56,61.5%,558,10.0,5,30,27,6.1,3.7,37.2,1
57,TYHilton,IND,31,WR,15,15,93,56,60.2%,762,13.6,5,42,50,8.2,3.7,50.8,0
58,HaydenHurst,ATL,27,te,16,9,88,56,63.6%,571,10.2,6,35,42,6.5,3.5,35.7,0
59,HunterRenfrow,LVR,25,wr,16,6,77,56,72.7%,656,11.7,2,32,53,8.5,3.5,41.0,2
60,KeelanCole,JAX,27,wr,16,5,88,55,62.5%,642,11.7,5,34,51,7.3,3.4,40.1,0
61,AustinEkeler,LAC,25,rb,10,10,65,54,83.1%,403,7.5,2,20,28,6.2,5.4,40.3,1
62,LarryFitzgerald,ARI,37,WR,13,13,72,54,75.0%,409,7.6,1,25,18,5.7,4.2,31.5,0
63,DavidMontgomery,CHI,23,RB,15,14,68,54,79.4%,438,8.1,2,25,28,6.4,3.6,29.2,1
64,DJChark,JAX,24,WR,13,12,93,53,57.0%,706,13.3,5,37,73,7.6,4.1,54.3,0
65,ChaseEdmonds,ARI,24,rb,16,2,67,53,79.1%,402,7.6,4,21,30,6.0,3.3,25.1,2
66,WillFuller,HOU,26,WR,11,11,75,53,70.7%,879,16.6,8,38,77,11.7,4.8,79.9,0
67,MikeGesicki,MIA,25,te,15,9,85,53,62.4%,703,13.3,6,36,70,8.3,3.5,46.9,0
68,GregWard,PHI,25,wr,16,10,79,53,67.1%,419,7.9,6,24,32,5.3,3.3,26.2,2
69,EzekielElliott,DAL,25,RB,15,15,71,52,73.2%,338,6.5,2,20,19,4.8,3.5,22.5,6
70,JerryJeudy,DEN,21,WR,16,14,113,52,46.0%,856,16.5,3,39,92,7.6,3.3,53.5,2
71,JoshReynolds,LAR,25,WR,16,13,81,52,64.2%,618,11.9,2,29,40,7.6,3.3,38.6,2
72,RobertTonyan,GNB,26,te,16,8,59,52,88.1%,586,11.3,11,33,45,9.9,3.3,36.6,0
73,JulioJones,ATL,31,wr,9,9,68,51,75.0%,771,15.1,3,36,44,11.3,5.7,85.7,0
74,TimPatrick,DEN,27,WR,15,15,79,51,64.6%,742,14.5,6,33,61,9.4,3.4,49.5,0
75,JimmyGraham,CHI,34,TE,16,15,76,50,65.8%,456,9.1,8,32,30,6.0,3.1,28.5,1
76,DariusSlayton,NYG,23,WR,16,15,96,50,52.1%,751,15.0,3,38,41,7.8,3.1,46.9,1
77,KendrickBourne,SFO,25,wr,15,5,74,49,66.2%,667,13.6,2,35,49,9.0,3.3,44.5,0
78,AnthonyMiller,CHI,26,wr,16,6,76,49,64.5%,485,9.9,2,23,34,6.4,3.1,30.3,2
79,JamesRobinson,JAX,22,RB,14,14,60,49,81.7%,344,7.0,3,15,28,5.7,3.5,24.6,3
80,JamesWhite,NWE,28,,14,0,62,49,79.0%,375,7.7,1,20,34,6.0,3.5,26.8,1
81,NelsonAgholor,LVR,27,WR,16,13,82,48,58.5%,896,18.7,8,37,85,10.9,3.0,56.0,0
82,ChristianKirk,ARI,24,wr,14,10,79,48,60.8%,621,12.9,6,30,80,7.9,3.4,44.4,1
83,GeorgeKittle,SFO,27,te,8,8,63,48,76.2%,634,13.2,2,32,44,10.1,6.0,79.3,0
84,MikeWilliams,LAC,26,WR,15,11,85,48,56.5%,756,15.8,5,35,64,8.9,3.2,50.4,0
85,GiovaniBernard,CIN,29,rb,16,10,59,47,79.7%,355,7.6,3,15,42,6.0,2.9,22.2,1
86,DamiereByrd,NWE,27,WR,16,14,77,47,61.0%,604,12.9,1,29,42,7.8,2.9,37.8,3
87,AJGreen,CIN,32,WR,16,14,104,47,45.2%,523,11.1,2,34,33,5.0,2.9,32.7,0
88,AaronJones,GNB,26,RB,14,14,63,47,74.6%,355,7.6,2,15,30,5.6,3.4,25.4,2
89,DannyAmendola,DET,35,wr,14,5,69,46,66.7%,602,13.1,0,30,50,8.7,3.3,43.0,0
90,DallasGoedert,PHI,25,te,11,9,65,46,70.8%,524,11.4,3,28,41,8.1,4.2,47.6,0
91,AustinHooper,CLE,26,TE,13,13,70,46,65.7%,435,9.5,4,27,36,6.2,3.5,33.5,0
92,DAndreSwift,DET,21,rb,13,4,57,46,80.7%,357,7.8,2,15,26,6.3,3.5,27.5,3
93,AntonioBrown,TAM,32,wr,8,4,62,45,72.6%,483,10.7,4,27,46,7.8,5.6,60.4,0
94,RobGronkowski,TAM,31,TE,16,16,77,45,58.4%,623,13.8,7,29,48,8.1,2.8,38.9,1
95,DemarcusRobinson,KAN,26,wr,16,9,59,45,76.3%,466,10.4,3,26,28,7.9,2.8,29.1,2
96,DalvinCook,MIN,25,RB,14,14,54,44,81.5%,361,8.2,1,17,50,6.7,3.1,25.8,5
97,TylerHigbee,LAR,27,TE,15,15,60,44,73.3%,521,11.8,5,26,44,8.7,2.9,34.7,0
98,ZachPascal,IND,26,WR,16,14,71,44,62.0%,629,14.3,5,29,42,8.9,2.8,39.3,0
99,GeraldEverett,LAR,26,te,16,7,62,41,66.1%,417,10.2,1,24,40,6.7,2.6,26.1,1
100,MylesGaskin,MIA,23,rb,10,7,47,41,87.2%,388,9.5,2,12,59,8.3,4.1,38.8,2
101,MecoleHardman,KAN,22,wr,16,8,62,41,66.1%,560,13.7,4,23,49,9.0,2.6,35.0,2
102,JonnuSmith,TEN,25,TE,15,14,65,41,63.1%,448,10.9,8,25,63,6.9,2.7,29.9,0
103,ChrisConley,JAX,28,wr,15,4,63,40,63.5%,471,11.8,2,24,51,7.5,2.7,31.4,1
104,MichaelPittman,IND,23,wr,13,8,61,40,65.6%,503,12.6,1,22,45,8.2,3.1,38.7,0
105,DrewSample,CIN,24,TE,16,13,53,40,75.5%,349,8.7,1,16,23,6.6,2.5,21.8,1
106,MichaelThomas,NOR,27,wr,7,5,55,40,72.7%,438,11.0,0,25,24,8.0,5.7,62.6,0
107,AnthonyFirkser,TEN,25,te,16,1,53,39,73.6%,387,9.9,1,26,45,7.3,2.4,24.2,0
108,RandallCobb,HOU,30,wr,10,2,48,38,79.2%,441,11.6,3,20,34,9.2,3.8,44.1,0
109,TravisFulgham,PHI,25,wr,13,8,67,38,56.7%,539,14.2,4,26,42,8.0,2.9,41.5,0
110,KareemHunt,CLE,25,rb,16,5,51,38,74.5%,304,8.0,5,19,26,6.0,2.4,19.0,2
111,DevinSingletary,BUF,23,RB,16,16,50,38,76.0%,269,7.1,0,8,34,5.4,2.4,16.8,1
112,JordanAkins,HOU,28,te,13,5,49,37,75.5%,403,10.9,1,20,26,8.2,2.8,31.0,0
113,BraxtonBerrios,NYJ,25,wr,16,2,55,37,67.3%,394,10.6,3,19,43,7.2,2.3,24.6,0
114,ChrisCarson,SEA,26,RB,12,12,46,37,80.4%,287,7.8,4,14,29,6.2,3.1,23.9,1
115,JaredCook,NOR,33,te,15,5,60,37,61.7%,504,13.6,7,27,46,8.4,2.5,33.6,1
116,RashardHiggins,CLE,26,wr,13,6,52,37,71.2%,599,16.2,4,26,43,11.5,2.8,46.1,3
117,SammyWatkins,KAN,27,wr,10,9,55,37,67.3%,421,11.4,2,27,37,7.7,3.7,42.1,1
118,ClydeEdwards-Helaire,KAN,21,RB,13,13,54,36,66.7%,297,8.3,1,12,26,5.5,2.8,22.8,0
119,TylerEifert,JAX,30,te,15,4,60,36,60.0%,349,9.7,2,22,28,5.8,2.4,23.3,0
120,ZachErtz,PHI,30,TE,11,11,72,36,50.0%,335,9.3,1,16,42,4.7,3.3,30.5,0
121,LeonardFournette,TAM,25,rb,13,3,47,36,76.6%,233,6.5,0,9,20,5.0,2.8,17.9,0
122,AntonioGibson,WAS,22,rb,14,10,44,36,81.8%,247,6.9,0,9,40,5.6,2.6,17.6,2
123,JakeemGrant,MIA,28,wr,14,4,54,36,66.7%,373,10.4,1,22,30,6.9,2.6,26.6,2
124,JonathanTaylor,IND,21,RB,15,13,39,36,92.3%,299,8.3,1,12,39,7.7,2.4,19.9,1
125,JamesConner,PIT,25,RB,13,11,43,35,81.4%,215,6.1,0,10,18,5.0,2.7,16.5,2
126,GabrielDavis,BUF,21,WR,16,11,62,35,56.5%,599,17.1,7,27,56,9.7,2.2,37.4,1
127,DavidMoore,SEA,25,wr,16,6,47,35,74.5%,417,11.9,6,18,57,8.9,2.2,26.1,1
128,GoldenTate,NYG,32,,12,4,52,35,67.3%,388,11.1,2,17,39,7.5,2.9,32.3,0
129,TreQuanSmith,NOR,24,wr,14,10,50,34,68.0%,448,13.2,4,22,31,9.0,2.4,32.0,1
130,JohnBrown,BUF,30,wr,9,8,52,33,63.5%,458,13.9,3,22,46,8.8,3.7,50.9,0
131,KekeCoutee,HOU,23,wr,8,4,40,33,82.5%,400,12.1,3,19,64,10.0,4.1,50.0,4
132,NKealHarry,NWE,23,wr,14,9,57,33,57.9%,309,9.4,2,15,30,5.4,2.4,22.1,1
133,JoshJacobs,LVR,22,RB,15,15,45,33,73.3%,238,7.2,0,9,29,5.3,2.2,15.9,2
134,DavidJohnson,HOU,29,RB,12,12,46,33,71.7%,314,9.5,2,16,32,6.8,2.8,26.2,2
135,AllenLazard,GNB,25,wr,10,9,46,33,71.7%,451,13.7,3,23,72,9.8,3.3,45.1,0
136,JerickMcKinnon,SFO,28,rb,16,4,46,33,71.7%,253,7.7,1,12,26,5.5,2.1,15.8,0
137,ScottMiller,TAM,23,wr,16,5,53,33,62.3%,501,15.2,3,20,48,9.5,2.1,31.3,0
138,DeeboSamuel,SFO,24,wr,7,5,44,33,75.0%,391,11.8,1,19,35,8.9,4.7,55.9,0
139,WillieSnead,BAL,28,wr,13,8,48,33,68.8%,432,13.1,3,23,34,9.0,2.5,33.2,1
140,MarquezValdes-Scantling,GNB,26,WR,16,12,63,33,52.4%,690,20.9,6,27,78,11.0,2.1,43.1,1
141,MelvinGordon,DEN,27,rb,15,10,44,32,72.7%,158,4.9,1,7,20,3.6,2.1,10.5,4
142,CamSims,WAS,24,wr,16,10,48,32,66.7%,477,14.9,1,18,50,9.9,2.0,29.8,0
143,MoAlie-Cox,IND,27,te,15,6,39,31,79.5%,394,12.7,2,19,45,10.1,2.1,26.3,1
144,DanArnold,ARI,25,te,16,5,45,31,68.9%,438,14.1,4,24,59,9.7,1.9,27.4,2
145,ChrisHerndon,NYJ,24,TE,16,13,45,31,68.9%,287,9.3,3,17,26,6.4,1.9,17.9,2
146,JalenReagor,PHI,21,WR,11,11,54,31,57.4%,396,12.8,1,19,55,7.3,2.8,36.0,2
147,JamaalWilliams,GNB,25,rb,14,3,35,31,88.6%,236,7.6,1,11,29,6.7,2.2,16.9,0
148,KJHamler,DEN,21,wr,13,4,56,30,53.6%,381,12.7,3,17,49,6.8,2.3,29.3,2
149,IsaiahMcKenzie,BUF,25,wr,16,7,34,30,88.2%,282,9.4,5,17,46,8.3,1.9,17.6,0
150,BreshadPerriman,NYJ,27,WR,12,12,60,30,50.0%,505,16.8,3,20,53,8.4,2.5,42.1,0
151,IrvSmith,MIN,22,te,13,7,43,30,69.8%,365,12.2,5,22,36,8.5,2.3,28.1,0
152,JamesWashington,PIT,24,wr,16,7,56,30,53.6%,392,13.1,5,19,50,7.0,1.9,24.5,0
153,KalenBallage,2TM,25,,11,2,37,29,78.4%,166,5.7,0,5,21,4.5,2.6,15.1,1
154,LynnBowden,MIA,23,rb,10,4,37,28,75.7%,211,7.5,0,13,22,5.7,2.8,21.1,0
155,CameronBrate,TAM,29,te,16,1,34,28,82.4%,282,10.1,2,17,25,8.3,1.8,17.6,0
156,TreyBurton,IND,29,te,13,4,47,28,59.6%,250,8.9,3,14,20,5.3,2.2,19.2,0
157,IsaiahFord,MIA,24,,10,1,44,28,63.6%,276,9.9,0,18,18,6.3,2.8,27.6,0
158,JalenGuyton,LAC,23,wr,16,9,55,28,50.9%,511,18.3,3,18,72,9.3,1.8,31.9,0
159,DukeJohnson,HOU,27,rb,11,5,35,28,80.0%,249,8.9,1,8,48,7.1,2.5,22.6,3
160,RonaldJones,TAM,23,RB,14,13,42,28,66.7%,165,5.9,1,2,37,3.9,2.0,11.8,2
161,ColeKmet,CHI,21,te,16,9,44,28,63.6%,243,8.7,2,12,38,5.5,1.8,15.2,1
162,JamesOShaughnessy,JAX,28,TE,15,13,38,28,73.7%,262,9.4,0,12,26,6.9,1.9,17.5,0
163,TonyPollard,DAL,23,rb,16,2,40,28,70.0%,193,6.9,1,9,30,4.8,1.8,12.1,0
164,KyleRudolph,MIN,31,TE,12,12,37,28,75.7%,334,11.9,1,16,25,9.0,2.3,27.8,1
165,MilesSanders,PHI,23,RB,12,11,52,28,53.8%,197,7.0,0,8,28,3.8,2.3,16.4,4
166,StevenSims,WAS,23,wr,12,2,37,27,73.0%,265,9.8,1,13,30,7.2,2.3,22.1,5
167,IsaiahWright,WAS,23,wr,14,6,35,27,77.1%,197,7.3,0,10,22,5.6,1.9,14.1,3
168,JordanReed,SFO,30,te,10,1,46,26,56.5%,231,8.9,4,16,26,5.0,2.6,23.1,0
169,HenryRuggs,LVR,21,WR,13,12,43,26,60.5%,452,17.4,2,13,72,10.5,2.0,34.8,2
170,DurhamSmythe,MIA,25,TE,15,13,29,26,89.7%,208,8.0,2,13,19,7.2,1.7,13.9,0
171,RexBurkhead,NWE,30,,10,0,33,25,75.8%,192,7.7,3,11,24,5.8,2.5,19.2,0
172,KenyanDrake,ARI,26,RB,15,13,31,25,80.6%,137,5.5,0,5,18,4.4,1.7,9.1,3
173,ToddGurley,ATL,26,RB,15,15,35,25,71.4%,164,6.6,0,7,26,4.7,1.7,10.9,2
174,BrianHill,ATL,25,rb,16,1,30,25,83.3%,199,8.0,0,7,26,6.6,1.6,12.4,2
175,JacobHollister,SEA,27,te,16,5,40,25,62.5%,209,8.4,3,14,20,5.2,1.6,13.1,0
176,BostonScott,PHI,25,rb,16,4,36,25,69.4%,212,8.5,1,8,18,5.9,1.6,13.3,2
177,HarrisonBryant,CLE,22,te,15,9,38,24,63.2%,238,9.9,3,14,35,6.3,1.6,15.9,2
178,WillDissly,SEA,24,TE,16,12,29,24,82.8%,251,10.5,2,12,28,8.7,1.5,15.7,0
179,DawsonKnox,BUF,24,te,12,7,44,24,54.5%,288,12.0,3,14,36,6.5,2.0,24.0,2
180,GregOlsen,SEA,35,te,11,8,37,24,64.9%,239,10.0,1,16,22,6.5,2.2,21.7,0
181,RichardRodgers,PHI,28,te,14,4,31,24,77.4%,345,14.4,2,16,33,11.1,1.7,24.6,0
182,OdellBeckham,CLE,28,wr,7,7,43,23,53.5%,319,13.9,3,17,43,7.4,3.3,45.6,0
183,MalcolmBrown,LAR,27,,16,0,33,23,69.7%,162,7.0,0,9,30,4.9,1.4,10.1,1
184,JackDoyle,IND,30,TE,14,12,33,23,69.7%,251,10.9,3,13,28,7.6,1.6,17.9,1
185,DaeSeanHamilton,DEN,25,wr,16,2,44,23,52.3%,293,12.7,2,16,40,6.7,1.4,18.3,1
186,AdamHumphries,TEN,27,,7,1,35,23,65.7%,228,9.9,2,11,23,6.5,3.3,32.6,0
187,RichieJames,SFO,25,wr,11,7,35,23,65.7%,394,17.1,1,15,47,11.3,2.1,35.8,2
188,JoshuaKelley,LAC,23,,14,0,23,23,100.0%,148,6.4,0,9,35,6.4,1.6,10.6,2
189,DenzelMims,NYJ,23,wr,9,8,44,23,52.3%,357,15.5,0,15,30,8.1,2.6,39.7,0
190,LataviusMurray,NOR,30,ss,15,7,26,23,88.5%,176,7.7,1,8,25,6.8,1.5,11.7,1
191,MarquezCallaway,NOR,22,wr,11,3,27,21,77.8%,213,10.1,0,10,27,7.9,1.9,19.4,0
192,JulianEdelman,NWE,34,wr,6,1,39,21,53.8%,315,15.0,0,18,49,8.1,3.5,52.5,0
193,DarrenFells,HOU,34,TE,16,14,28,21,75.0%,312,14.9,4,16,44,11.1,1.3,19.5,0
194,WayneGallman,NYG,26,rb,15,10,27,21,77.8%,114,5.4,0,6,19,4.2,1.4,7.6,1
195,AndyIsabella,ARI,24,wr,13,2,35,21,60.0%,224,10.7,2,10,54,6.4,1.6,17.2,1
196,JoeMixon,CIN,24,rb,6,6,26,21,80.8%,138,6.6,1,5,19,5.3,3.5,23.0,1
197,CordarrellePatterson,CHI,29,wr,16,3,25,21,84.0%,132,6.3,0,7,25,5.3,1.3,8.3,0
198,ChadBeebe,MIN,26,,14,0,30,20,66.7%,201,10.1,2,12,40,6.7,1.4,14.4,2
199,QuintezCephus,DET,22,wr,13,2,35,20,57.1%,349,17.5,2,16,49,10.0,1.5,26.8,0
200,DevinDuvernay,BAL,23,wr,16,3,26,20,76.9%,201,10.1,0,8,39,7.7,1.3,12.6,0
201,KennyGolladay,DET,27,wr,5,5,32,20,62.5%,338,16.9,2,16,48,10.6,4.0,67.6,0
202,DeonteHarris,NOR,23,wr,9,2,25,20,80.0%,186,9.3,1,10,40,7.4,2.2,20.7,3
203,TyronJohnson,LAC,24,,12,0,26,20,76.9%,398,19.9,3,15,55,15.3,1.7,33.2,0
204,Ray-RayMcCloud,PIT,24,wr,16,2,22,20,90.9%,77,3.9,0,3,13,3.5,1.3,4.8,2
205,IanThomas,CAR,24,te,16,8,31,20,64.5%,145,7.3,1,11,21,4.7,1.3,9.1,1
206,ChrisThompson,JAX,30,,8,0,23,20,87.0%,146,7.3,1,5,15,6.3,2.5,18.3,0
207,OlamideZaccheaus,ATL,23,wr,11,2,32,20,62.5%,274,13.7,1,16,51,8.6,1.8,24.9,0
208,MilesBoykin,BAL,24,WR,16,13,33,19,57.6%,266,14.0,4,14,43,8.1,1.2,16.6,0
209,TylerConklin,MIN,25,te,16,2,26,19,73.1%,194,10.2,1,11,30,7.5,1.2,12.1,1
210,RossDwelley,SFO,25,te,16,9,24,19,79.2%,245,12.9,1,10,36,10.2,1.2,15.3,0
211,DerrickHenry,TEN,26,RB,16,16,31,19,61.3%,114,6.0,0,4,53,3.7,1.2,7.1,3
212,JustinJackson,LAC,24,rb,9,4,24,19,79.2%,173,9.1,0,7,34,7.2,2.1,19.2,0
213,VanJefferson,LAR,24,,16,0,31,19,61.3%,220,11.6,1,11,31,7.1,1.2,13.8,1
214,KerryonJohnson,DET,23,rb,16,2,26,19,73.1%,187,9.8,1,11,20,7.2,1.2,11.7,1
215,KyleJuszczyk,SFO,29,FB,16,15,29,19,65.5%,202,10.6,4,10,41,7.0,1.2,12.6,1
216,DionLewis,NYG,30,,16,0,30,19,63.3%,127,6.7,1,8,17,4.2,1.2,7.9,3
217,DavidNjoku,CLE,24,te,13,5,29,19,65.5%,213,11.2,2,13,28,7.3,1.5,16.4,0
218,JalenRichard,LVR,27,,13,0,23,19,82.6%,138,7.3,0,5,19,6.0,1.5,10.6,1
219,JKDobbins,BAL,22,rb,15,1,24,18,75.0%,120,6.7,0,4,19,5.0,1.2,8.0,2
220,MarvinHall,2TM,27,,12,6,32,18,56.3%,302,16.8,2,10,73,9.4,1.5,25.2,0
221,DontrelleInman,WAS,31,,10,2,28,18,64.3%,163,9.1,2,11,17,5.8,1.8,16.3,1
222,CollinJohnson,JAX,23,,14,0,31,18,58.1%,272,15.1,2,12,46,8.8,1.3,19.4,0
223,KadenSmith,NYG,23,TE,15,12,21,18,85.7%,112,6.2,0,7,16,5.3,1.2,7.5,1
224,DarrelWilliams,KAN,25,,16,0,26,18,69.2%,116,6.4,0,6,15,4.5,1.1,7.3,0
225,PrestonWilliams,MIA,23,wr,8,7,35,18,51.4%,288,16.0,4,14,47,8.2,2.3,36.0,0
226,DevontaeBooker,LVR,28,rb,16,1,21,17,81.0%,84,4.9,0,2,17,4.0,1.1,5.3,1
227,DeeJayDallas,SEA,22,rb,12,2,20,17,85.0%,111,6.5,1,5,13,5.6,1.4,9.3,0
228,ChadHansen,HOU,25,wr,5,2,24,17,70.8%,236,13.9,1,11,38,9.8,3.4,47.2,0
229,ChristianMcCaffrey,CAR,24,rb,3,3,19,17,89.5%,149,8.8,1,8,24,7.8,5.7,49.7,0
230,MohamedSanu,2TM,31,,10,4,24,17,70.8%,187,11.0,1,13,21,7.8,1.7,18.7,0
231,ItoSmith,ATL,25,,14,0,26,17,65.4%,75,4.4,0,3,17,2.9,1.2,5.4,1
232,JeffSmith,NYJ,23,wr,12,4,37,17,45.9%,167,9.8,0,9,21,4.5,1.4,13.9,0
233,CedrickWilson,DAL,25,,16,0,28,17,60.7%,189,11.1,2,10,42,6.8,1.1,11.8,0
234,LeVeonBell,2TM,28,,11,4,20,16,80.0%,138,8.6,0,7,30,6.9,1.5,12.5,1
235,NickChubb,CLE,25,RB,12,12,18,16,88.9%,150,9.4,0,6,26,8.3,1.3,12.5,1
236,FrankGore,NYJ,37,RB,15,14,19,16,84.2%,89,5.6,0,3,9,4.7,1.1,5.9,1
237,DarrellHenderson,LAR,23,RB,15,11,24,16,66.7%,159,9.9,1,8,28,6.6,1.1,10.6,0
238,MackHollins,MIA,27,wr,16,2,25,16,64.0%,176,11.0,1,7,34,7.0,1.0,11.0,1
239,CarlosHyde,SEA,30,,10,1,20,16,80.0%,93,5.8,0,4,18,4.7,1.6,9.3,1
240,TyJohnson,2TM,23,,13,1,21,16,76.2%,99,6.2,1,6,18,4.7,1.2,7.6,0
241,RaheemMostert,SFO,28,rb,8,8,19,16,84.2%,156,9.8,1,5,76,8.2,2.0,19.5,1
242,KeeSeanJohnson,ARI,24,wr,8,1,23,15,65.2%,173,11.5,0,7,45,7.5,1.9,21.6,0
243,LeSeanMcCoy,TAM,32,,10,0,19,15,78.9%,101,6.7,0,3,15,5.3,1.5,10.1,0
244,VanceMcDonald,PIT,30,TE,14,12,20,15,75.0%,99,6.6,0,4,15,5.0,1.1,7.1,0
245,AdamTrautman,NOR,23,te,15,6,16,15,93.8%,171,11.4,1,9,41,10.7,1.0,11.4,0
246,NickBoyle,BAL,27,te,9,9,17,14,82.4%,113,8.1,2,8,21,6.6,1.6,12.6,0
247,NoahBrown,DAL,24,wr,16,1,24,14,58.3%,154,11.0,0,6,20,6.4,0.9,9.6,0
248,PharaohBrown,HOU,26,te,13,9,16,14,87.5%,163,11.6,2,9,29,10.2,1.1,12.5,0
249,ChrisHogan,NYJ,33,,5,4,26,14,53.8%,118,8.4,0,6,27,4.5,2.8,23.6,0
250,DeSeanJackson,PHI,34,wr,5,5,26,14,53.8%,236,16.9,1,10,81,9.1,2.8,47.2,0
251,JesseJames,DET,26,te,16,7,22,14,63.6%,129,9.2,2,6,31,5.9,0.9,8.1,0
252,MarcusJohnson,IND,26,wr,11,3,28,14,50.0%,255,18.2,0,11,55,9.1,1.3,23.2,0
253,OlabisiJohnson,MIN,23,wr,16,3,19,14,73.7%,189,13.5,0,9,29,9.9,0.9,11.8,0
254,ZayJones,LVR,25,wr,16,2,20,14,70.0%,154,11.0,1,6,37,7.7,0.9,9.6,0
255,ZackMoss,BUF,23,,13,0,18,14,77.8%,95,6.8,1,5,20,5.3,1.1,7.3,0
256,DonovanPeoples-Jones,CLE,21,wr,12,2,20,14,70.0%,304,21.7,2,10,75,15.2,1.2,25.3,0
257,AudenTate,CIN,23,wr,9,2,22,14,63.6%,150,10.7,0,9,19,6.8,1.6,16.7,0
258,NickVannett,DEN,27,TE,15,11,21,14,66.7%,95,6.8,1,6,19,4.5,0.9,6.3,0
259,JamalAgnew,DET,25,wr,14,2,20,13,65.0%,89,6.8,0,4,20,4.5,0.9,6.4,2
260,ChristianBlake,ATL,24,,16,0,18,13,72.2%,141,10.8,0,6,25,7.8,0.8,8.8,0
261,RyanIzzo,NWE,25,TE,12,12,20,13,65.0%,199,15.3,0,6,50,10.0,1.1,16.6,1
262,AlexanderMattison,MIN,22,rb,13,2,15,13,86.7%,125,9.6,1,5,28,8.3,1.0,9.6,0
263,ByronPringle,KAN,27,wr,13,3,17,13,76.5%,160,12.3,1,9,37,9.4,1.0,12.3,0
264,FreddieSwain,SEA,22,wr,16,1,21,13,61.9%,159,12.2,2,6,23,7.6,0.8,9.9,0
265,MikeThomas,CIN,26,,14,0,21,13,61.9%,132,10.2,1,7,29,6.3,0.9,9.4,1
266,JeffWilson,SFO,25,rb,12,3,28,13,46.4%,133,10.2,3,8,21,4.8,1.1,11.1,2
267,JasonWitten,LVR,38,te,16,7,17,13,76.5%,69,5.3,2,8,15,4.1,0.8,4.3,0
268,CameronBatson,TEN,25,wr,12,1,13,12,92.3%,100,8.3,1,7,18,7.7,1.0,8.3,1
269,AlexErickson,CIN,28,wr,16,2,17,12,70.6%,139,11.6,0,5,42,8.2,0.8,8.7,2
270,RoyceFreeman,DEN,24,,16,0,13,12,92.3%,81,6.8,0,4,28,6.2,0.8,5.1,0
271,AlecIngold,LVR,24,fb,16,4,17,12,70.6%,110,9.2,1,9,23,6.5,0.8,6.9,0
272,TylerJohnson,TAM,22,wr,14,3,17,12,70.6%,169,14.1,2,9,35,9.9,0.9,12.1,0
273,TylerKroft,BUF,28,,10,4,16,12,75.0%,119,9.9,3,9,38,7.4,1.2,11.9,0
274,JeremyMcNichols,TEN,25,,16,0,17,12,70.6%,55,4.6,0,0,9,3.2,0.8,3.4,0
275,AdrianPeterson,DET,35,rb,16,10,18,12,66.7%,101,8.4,0,4,23,5.6,0.8,6.3,0
276,BrandonPowell,ATL,25,,15,1,18,12,66.7%,69,5.8,2,5,13,3.8,0.8,4.6,2
277,AdamShaheen,MIA,26,te,16,5,22,12,54.5%,150,12.5,3,9,43,6.8,0.8,9.4,0
278,JaceSternberger,GNB,24,,12,0,15,12,80.0%,114,9.5,1,6,27,7.6,1.0,9.5,0
279,JordanWilkins,IND,26,,15,0,16,12,75.0%,105,8.8,0,3,24,6.6,0.8,7.0,0
280,SalvonAhmed,MIA,22,rb,6,4,14,11,78.6%,61,5.5,0,2,13,4.4,1.8,10.2,0
281,CamAkers,LAR,21,rb,13,5,14,11,78.6%,123,11.2,1,4,38,8.8,0.8,9.5,1
282,BlakeBell,DAL,29,te,16,2,15,11,73.3%,110,10.0,0,7,24,7.3,0.7,6.9,0
283,CJBoard,NYG,27,wr,14,4,16,11,68.8%,101,9.2,0,6,16,6.3,0.8,7.2,0
284,BryanEdwards,LVR,22,wr,12,3,15,11,73.3%,193,17.5,1,9,34,12.9,0.9,16.1,0
285,TylerErvin,GNB,27,,8,0,15,11,73.3%,84,7.6,0,6,24,5.6,1.4,10.5,0
286,KhaDarelHodge,CLE,25,,9,0,17,11,64.7%,180,16.4,0,11,42,10.6,1.2,20.0,0
287,OJHoward,TAM,26,te,4,1,19,11,57.9%,146,13.3,2,8,33,7.7,2.8,36.5,0
288,AlbertOkwuegbunam,DEN,22,,4,0,15,11,73.3%,121,11.0,1,6,27,8.1,2.8,30.3,0
289,LaMicalPerine,NYJ,22,,10,0,15,11,73.3%,63,5.7,0,3,14,4.2,1.1,6.3,0
290,SamajePerine,CIN,25,rb,16,1,12,11,91.7%,66,6.0,0,4,15,5.5,0.7,4.1,0
291,KeithSmith,ATL,28,fb,16,7,15,11,73.3%,59,5.4,0,4,13,3.9,0.7,3.7,0
292,KennyStills,HOU,28,,10,0,19,11,57.9%,144,13.1,1,8,24,7.6,1.1,14.4,0
293,DeMichaelHarris,IND,22,,7,0,10,10,100.0%,79,7.9,0,3,21,7.9,1.4,11.3,0
294,JohnHightower,PHI,24,wr,13,4,29,10,34.5%,167,16.7,0,5,59,5.8,0.8,12.8,0
295,PatrickLaird,MIA,25,,16,0,12,10,83.3%,68,6.8,0,3,17,5.7,0.6,4.3,1
296,MarcedesLewis,GNB,36,TE,15,15,17,10,58.8%,107,10.7,3,6,36,6.3,0.7,7.1,0
297,DareOgunbowale,JAX,26,rb,14,2,20,10,50.0%,54,5.4,0,4,12,2.7,0.7,3.9,0
298,DonaldParham,LAC,23,te,13,5,20,10,50.0%,159,15.9,3,8,26,8.0,0.8,12.2,0
299,BennySnell,PIT,22,rb,16,3,14,10,71.4%,61,6.1,0,3,14,4.4,0.6,3.8,2
300,TrentTaylor,SFO,26,wr,12,1,21,10,47.6%,86,8.6,0,5,29,4.1,0.8,7.2,0
301,MattBreida,MIA,25,rb,12,1,10,9,90.0%,96,10.7,0,5,31,9.6,0.8,8.0,2
302,GusEdwards,BAL,25,rb,16,6,13,9,69.2%,129,14.3,0,4,34,9.9,0.6,8.1,1
303,RyanGriffin,NYJ,30,te,15,6,12,9,75.0%,86,9.6,0,4,23,7.2,0.6,5.7,0
304,TravisHomer,SEA,22,,9,0,10,9,90.0%,90,10.0,1,4,50,9.0,1.0,10.0,0
305,DevineOzigbo,JAX,24,,8,0,9,9,100.0%,42,4.7,0,3,12,4.7,1.1,5.3,0
306,MalcolmPerry,MIA,23,rb,9,2,13,9,69.2%,92,10.2,1,4,25,7.1,1.0,10.2,1
307,KalifRaymond,TEN,26,,15,3,15,9,60.0%,187,20.8,0,7,61,12.5,0.6,12.5,0
308,PatrickRicard,BAL,26,fb,15,10,12,9,75.0%,45,5.0,1,3,11,3.8,0.6,3.0,1
309,JaylenSamuels,PIT,24,rb,14,1,14,9,64.3%,46,5.1,0,2,12,3.3,0.6,3.3,0
310,RodneySmith,CAR,24,rb,7,1,11,9,81.8%,59,6.6,0,1,12,5.4,1.3,8.4,1
311,GeoffSwaim,TEN,27,wr,10,8,12,9,75.0%,83,9.2,1,6,16,6.9,0.9,8.3,0
312,AmeerAbdullah,MIN,27,,16,0,9,8,88.9%,58,7.3,2,4,22,6.4,0.5,3.6,0
313,StephenAnderson,LAC,27,te,16,3,11,8,72.7%,106,13.3,0,7,23,9.6,0.5,6.6,0
314,DarrellDaniels,ARI,26,te,12,8,11,8,72.7%,92,11.5,1,4,31,8.4,0.7,7.7,0
315,TroyFumagalli,DEN,25,,8,0,15,8,53.3%,80,10.0,1,6,29,5.3,1.0,10.0,0
316,CJHam,MIN,27,FB,15,11,13,8,61.5%,97,12.1,1,6,30,7.5,0.5,6.5,0
317,JoshHill,NOR,30,te,14,7,10,8,80.0%,46,5.8,1,4,16,4.6,0.6,3.3,1
318,TaysomHill,NOR,30,wr,16,8,12,8,66.7%,98,12.3,1,4,21,8.2,0.5,6.1,10
319,JakobJohnson,NWE,26,FB,16,11,9,8,88.9%,35,4.4,1,3,12,3.9,0.5,2.2,1
320,RyanNall,CHI,25,,16,0,9,8,88.9%,67,8.4,1,5,18,7.4,0.5,4.2,0
321,TroymainePope,LAC,27,,6,0,10,8,80.0%,42,5.3,0,1,11,4.2,1.3,7.0,0
322,CJUzomah,CIN,27,te,2,2,11,8,72.7%,87,10.9,1,6,23,7.9,4.0,43.5,0
323,MaxxWilliams,ARI,26,te,9,8,10,8,80.0%,102,12.8,1,4,42,10.2,0.9,11.3,0
324,DevontaFreeman,NYG,28,,5,4,10,7,70.0%,58,8.3,0,1,18,5.8,1.4,11.6,0
325,DemetriusHarris,CHI,29,te,15,5,14,7,50.0%,45,6.4,0,2,9,3.2,0.5,3.0,0
326,JamycalHasty,SFO,24,,8,0,8,7,87.5%,33,4.7,0,0,16,4.1,0.9,4.1,1
327,KJHill,LAC,23,,15,0,11,7,63.6%,73,10.4,0,2,25,6.6,0.5,4.9,1
328,PhillipLindsay,DEN,26,rb,11,8,14,7,50.0%,28,4.0,0,1,11,2.0,0.6,2.5,0
329,AustinMack,NYG,23,wr,11,1,11,7,63.6%,91,13.0,0,5,50,8.3,0.6,8.3,0
330,SonyMichel,NWE,25,rb,9,6,9,7,77.8%,114,16.3,1,5,31,12.7,0.8,12.7,0
331,JaydonMickens,TAM,26,,10,0,10,7,70.0%,58,8.3,0,6,11,5.8,0.7,5.8,0
332,FosterMoreau,LVR,23,te,16,2,9,7,77.8%,140,20.0,2,5,47,15.6,0.4,8.8,0
333,EquanimeousStBrown,GNB,24,wr,12,1,13,7,53.8%,117,16.7,1,6,24,9.0,0.6,9.8,0
334,LukeStocker,ATL,32,TE,16,13,11,7,63.6%,63,9.0,0,4,25,5.7,0.4,3.9,0
335,DarwinThompson,KAN,23,rb,14,1,11,7,63.6%,65,9.3,1,3,37,5.9,0.5,4.6,2
336,QuezWatkins,PHI,22,,6,0,13,7,53.8%,106,15.1,1,4,43,8.2,1.2,17.7,0
337,JustinWatson,TAM,24,wr,11,2,11,7,63.6%,94,13.4,0,5,36,8.5,0.6,8.5,0
338,DeonYelder,KAN,25,,14,1,11,7,63.6%,36,5.1,0,2,12,3.3,0.5,2.6,0
339,JoshAdams,NYJ,24,,8,0,8,6,75.0%,29,4.8,0,2,11,3.6,0.8,3.6,0
340,SaquonBarkley,NYG,23,rb,2,2,9,6,66.7%,60,10.0,0,3,38,6.7,3.0,30.0,0
341,DezBryant,BAL,32,,6,0,11,6,54.5%,47,7.8,2,3,16,4.3,1.0,7.8,0
342,ParrisCampbell,IND,23,wr,2,2,9,6,66.7%,71,11.8,0,4,21,7.9,3.0,35.5,0
343,TyrieCleveland,DEN,23,,10,0,9,6,66.7%,63,10.5,0,4,17,7.0,0.6,6.3,0
344,TarikCohen,CHI,25,,3,0,9,6,66.7%,41,6.8,0,1,20,4.6,2.0,13.7,0
345,RiverCracraft,SFO,26,wr,9,1,9,6,66.7%,41,6.8,0,2,12,4.6,0.7,4.6,0
346,MarkIngram,BAL,31,rb,11,9,8,6,75.0%,50,8.3,0,2,18,6.3,0.5,4.5,0
347,AlshonJeffery,PHI,30,,7,2,13,6,46.2%,115,19.2,1,5,39,8.8,0.9,16.4,0
348,NickKeizer,KAN,25,,16,3,9,6,66.7%,63,10.5,0,2,22,7.0,0.4,3.9,1
349,ChrisManhertz,CAR,28,TE,16,12,8,6,75.0%,52,8.7,0,1,17,6.5,0.4,3.3,0
350,AnthonyMcFarland,PIT,21,,11,0,9,6,66.7%,54,9.0,0,1,17,6.0,0.5,4.9,0
351,LaquonTreadwell,ATL,25,,5,0,7,6,85.7%,49,8.2,2,4,14,7.0,1.2,9.8,0
352,JavonWims,CHI,26,wr,13,1,12,6,50.0%,48,8.0,1,4,13,4.0,0.5,3.7,0
353,AlexArmah,CAR,26,,16,1,9,5,55.6%,18,3.6,0,1,14,2.0,0.3,1.1,0
354,TavonAustin,GNB,30,,4,0,5,5,100.0%,20,4.0,0,1,7,4.0,1.3,5.0,1
355,JaMarcusBradley,CLE,24,wr,3,1,11,5,45.5%,60,12.0,0,2,22,5.5,1.7,20.0,0
356,CethanCarter,CIN,25,te,15,5,7,5,71.4%,53,10.6,0,3,24,7.6,0.3,3.5,0
357,CoreyClement,PHI,26,,15,0,6,5,83.3%,25,5.0,0,2,12,4.2,0.3,1.7,0
358,PharohCooper,CAR,25,wr,16,1,8,5,62.5%,73,14.6,0,3,32,9.1,0.3,4.6,1
359,DamienHarris,NWE,23,rb,10,10,7,5,71.4%,52,10.4,0,4,15,7.4,0.5,5.2,1
360,JusticeHill,BAL,23,,12,0,5,5,100.0%,20,4.0,0,0,8,4.0,0.4,1.7,0
361,StevenMitchell,HOU,26,wr,6,1,8,5,62.5%,60,12.0,0,3,20,7.5,0.8,10.0,0
362,GabeNabers,LAC,23,fb,16,5,7,5,71.4%,25,5.0,2,2,9,3.6,0.3,1.6,0
363,GunnerOlszewski,NWE,24,wr,13,2,5,5,100.0%,62,12.4,1,3,38,12.4,0.4,4.8,1
364,CJProsise,HOU,26,,10,0,5,5,100.0%,18,3.6,1,1,10,3.6,0.5,1.8,1
365,MyColePruitt,TEN,28,te,11,4,8,5,62.5%,49,9.8,2,4,22,6.1,0.5,4.5,0
366,TheoRiddick,LVR,29,,4,0,6,5,83.3%,43,8.6,0,1,15,7.2,1.3,10.8,0
367,DarriusShepherd,GNB,25,,8,0,8,5,62.5%,46,9.2,0,1,19,5.8,0.6,5.8,1
368,TrentSherfield,ARI,24,wr,15,1,7,5,71.4%,50,10.0,0,2,26,7.1,0.3,3.3,0
369,MalikTaylor,GNB,25,wr,15,1,6,5,83.3%,66,13.2,1,4,26,11.0,0.3,4.4,0
370,LevineToilolo,NYG,29,te,16,2,6,5,83.3%,46,9.2,0,3,14,7.7,0.3,2.9,0
371,KeShawnVaughn,TAM,23,,10,0,10,5,50.0%,34,6.8,1,2,13,3.4,0.5,3.4,1
372,DeAndreWashington,2TM,27,,4,1,10,5,50.0%,30,6.0,0,2,10,3.0,1.3,7.5,0
373,TrayveonWilliams,CIN,23,,10,0,5,5,100.0%,30,6.0,0,1,13,6.0,0.5,3.0,1
374,JJArcega-Whiteside,PHI,24,,8,0,8,4,50.0%,85,21.3,0,4,37,10.6,0.5,10.6,0
375,PeytonBarber,WAS,26,rb,16,2,7,4,57.1%,12,3.0,0,1,7,1.7,0.3,0.8,0
376,KhariBlasingame,TEN,24,fb,15,7,5,4,80.0%,39,9.8,0,2,16,7.8,0.3,2.6,0
377,MichaelBurton,NOR,28,fb,15,4,4,4,100.0%,28,7.0,0,1,12,7.0,0.3,1.9,0
378,TevinColeman,SFO,27,rb,8,1,5,4,80.0%,34,8.5,0,2,18,6.8,0.5,4.3,0
379,JuwanJohnson,NOR,24,wr,7,4,10,4,40.0%,39,9.8,0,3,19,3.9,0.6,5.6,0
380,JoshMalone,NYJ,24,,4,0,6,4,66.7%,16,4.0,0,1,13,2.7,1.0,4.0,0
381,JohnnyMundt,LAR,26,te,16,1,4,4,100.0%,53,13.3,0,1,34,13.3,0.3,3.3,0
382,DantePettis,2TM,25,,7,1,6,4,66.7%,76,19.0,1,3,33,12.7,0.6,10.9,1
383,DamionRatley,NYG,25,,5,0,10,4,40.0%,63,15.8,0,2,29,6.3,0.8,12.6,1
384,RileyRidley,CHI,24,wr,5,1,4,4,100.0%,39,9.8,0,3,18,9.8,0.8,7.8,0
385,AndreRoberts,BUF,32,,15,0,5,4,80.0%,34,8.5,0,2,16,6.8,0.3,2.3,3
386,SethRoberts,CAR,29,,7,1,6,4,66.7%,31,7.8,0,2,12,5.2,0.6,4.4,0
387,LeeSmith,BUF,33,te,10,2,6,4,66.7%,35,8.8,2,3,27,5.8,0.4,3.5,0
388,JonathanWilliams,DET,26,,5,0,4,4,100.0%,21,5.3,0,2,10,5.3,0.8,4.2,1
389,DeontayBurnett,PHI,23,,2,0,4,3,75.0%,19,6.3,0,1,10,4.8,1.5,9.5,0
390,TrentonCannon,CAR,26,,14,0,3,3,100.0%,16,5.3,0,1,19,5.3,0.2,1.1,0
391,AustinCarr,NOR,27,,6,0,4,3,75.0%,27,9.0,1,3,11,6.8,0.5,4.5,0
392,AshtonDulin,IND,23,,13,0,6,3,50.0%,53,17.7,0,2,34,8.8,0.2,4.1,1
393,TedGinn,CHI,35,,6,0,6,3,50.0%,40,13.3,0,1,29,6.7,0.5,6.7,1
394,TerryGodwin,JAX,24,,3,0,6,3,50.0%,32,10.7,0,2,21,5.3,1.0,10.7,0
395,JaedenGraham,ATL,25,,16,0,5,3,60.0%,25,8.3,0,1,11,5.0,0.2,1.6,0
396,VirgilGreen,LAC,32,te,6,3,6,3,50.0%,50,16.7,1,2,26,8.3,0.5,8.3,0
397,TannerHudson,TAM,26,,11,0,7,3,42.9%,41,13.7,0,3,20,5.9,0.3,3.7,0
398,LilJordanHumphrey,NOR,22,wr,3,1,5,3,60.0%,46,15.3,1,3,17,9.2,1.0,15.3,0
399,DErnestJohnson,CLE,24,,16,0,4,3,75.0%,14,4.7,0,0,5,3.5,0.2,0.9,1
400,DaltonKeene,NWE,21,,6,0,5,3,60.0%,16,5.3,0,0,8,3.2,0.5,2.7,1
401,MarlonMack,IND,24,rb,1,1,3,3,100.0%,30,10.0,0,1,19,10.0,3.0,30.0,0
402,TyMontgomery,NOR,27,rb,6,1,6,3,50.0%,27,9.0,0,1,17,4.5,0.5,4.5,0
403,AlfredMorris,NYG,32,,9,0,4,3,75.0%,19,6.3,1,2,9,4.8,0.3,2.1,0
404,EricSaubert,JAX,26,,8,4,4,3,75.0%,16,5.3,0,0,9,4.0,0.4,2.0,0
405,DiontaeSpencer,DEN,28,,11,0,6,3,50.0%,26,8.7,0,1,10,4.3,0.3,2.4,2
406,CourtlandSutton,DEN,25,wr,1,1,6,3,50.0%,66,22.0,0,2,45,11.0,3.0,66.0,0
407,KahaleWarring,HOU,23,,7,0,7,3,42.9%,35,11.7,0,2,23,5.0,0.4,5.0,0
408,NickWestbrook-Ikhine,TEN,23,wr,14,1,8,3,37.5%,33,11.0,0,3,19,4.1,0.2,2.4,0
409,CharlieWoerner,SFO,23,,14,0,4,3,75.0%,36,12.0,0,2,18,9.0,0.2,2.6,0
410,BrandonZylstra,CAR,27,wr,16,2,4,3,75.0%,35,11.7,0,3,28,8.8,0.2,2.2,0
411,DevinAsiasi,NWE,23,te,9,3,7,2,28.6%,39,19.5,1,2,26,5.6,0.2,4.3,0
412,ReggieBonnafon,CAR,24,,2,0,2,2,100.0%,18,9.0,1,2,15,9.0,1.0,9.0,0
413,MikeBoone,MIN,25,,16,0,2,2,100.0%,10,5.0,0,0,6,5.0,0.1,0.6,0
414,DanielBrown,NYJ,28,te,16,1,2,2,100.0%,31,15.5,0,2,18,15.5,0.1,1.9,0
415,JakeButt,DEN,25,,5,1,4,2,50.0%,5,2.5,0,0,5,1.3,0.4,1.0,0
416,JasonCabinda,DET,24,mlb,16,2,3,2,66.7%,8,4.0,0,1,4,2.7,0.1,0.5,0
417,LawrenceCager,NYJ,23,wr,2,1,6,2,33.3%,35,17.5,0,2,19,5.8,1.0,17.5,0
418,AntonioCallaway,MIA,23,wr,5,1,4,2,50.0%,20,10.0,0,1,13,5.0,0.4,4.0,0
419,ChandlerCox,MIA,24,,8,3,2,2,100.0%,9,4.5,0,1,6,4.5,0.3,1.1,0
420,DominiqueDafney,GNB,23,te,5,2,2,2,100.0%,26,13.0,1,2,13,13.0,0.4,5.2,0
421,AJDillon,GNB,22,,11,0,2,2,100.0%,21,10.5,0,1,16,10.5,0.2,1.9,0
422,DarryntonEvans,TEN,22,,5,0,4,2,50.0%,27,13.5,1,2,24,6.8,0.4,5.4,0
423,RobertFoster,WAS,26,wr,4,2,6,2,33.3%,37,18.5,0,2,28,6.2,0.5,9.3,0
424,DauriceFountain,IND,25,,5,0,3,2,66.7%,23,11.5,0,2,12,7.7,0.4,4.6,0
425,BennieFowler,NOR,29,,5,0,6,2,33.3%,11,5.5,0,1,7,1.8,0.4,2.2,0
426,ReggieGilliam,BUF,23,,14,0,2,2,100.0%,16,8.0,1,2,15,8.0,0.1,1.1,0
427,AndyJanovich,CLE,27,fb,14,3,5,2,40.0%,13,6.5,0,1,13,2.6,0.1,0.9,0
428,LamarMiller,CHI,29,,1,0,2,2,100.0%,6,3.0,0,1,7,3.0,2.0,6.0,0
429,CamNewton,NWE,31,QB,15,15,2,2,100.0%,35,17.5,1,2,19,17.5,0.1,2.3,6
430,ColbyParkinson,SEA,21,,6,0,2,2,100.0%,16,8.0,0,2,10,8.0,0.3,2.7,0
431,ElijhaaPenny,NYG,27,,14,0,3,2,66.7%,20,10.0,0,1,11,6.7,0.1,1.4,0
432,JohnRoss,CIN,25,wr,3,1,7,2,28.6%,17,8.5,0,1,15,2.4,0.7,5.7,0
433,IsaiahZuber,NWE,23,,4,0,2,2,100.0%,29,14.5,0,1,16,14.5,0.5,7.3,0
434,JoshAllen,BUF,24,QB,16,16,1,1,100.0%,12,12.0,1,1,12,12.0,0.1,0.8,9
435,MarcusBaugh,WAS,26,te,8,1,1,1,100.0%,2,2.0,0,0,2,2.0,0.1,0.3,0
436,LeVanteBellamy,DEN,24,,5,0,1,1,100.0%,5,5.0,0,0,5,5.0,0.2,1.0,0
437,NickBellore,SEA,31,,16,0,1,1,100.0%,9,9.0,0,1,9,9.0,0.1,0.6,0
438,HunterBryant,DET,22,,5,0,3,1,33.3%,44,44.0,0,1,44,14.7,0.2,8.8,0
439,StephenCarlson,CLE,24,te,16,2,2,1,50.0%,11,11.0,0,1,11,5.5,0.1,0.7,0
440,DerekCarrier,LVR,30,,16,0,1,1,100.0%,14,14.0,0,1,14,14.0,0.1,0.9,0
441,DeAndreCarter,2TM,27,,13,0,2,1,50.0%,8,8.0,0,0,8,4.0,0.1,0.6,2
442,AlexCollins,SEA,26,rb,3,1,2,1,50.0%,4,4.0,0,0,4,2.0,0.3,1.3,0
443,JasonCroom,PHI,26,,4,0,1,1,100.0%,3,3.0,1,1,3,3.0,0.3,0.8,0
444,AndyDalton,DAL,33,qb,11,9,1,1,100.0%,-3,-3.0,0,0,-3,-3.0,0.1,-0.3,2
445,JosiahDeguara,GNB,23,te,2,1,2,1,50.0%,12,12.0,0,1,12,6.0,0.5,6.0,0
446,GehrigDieter,KAN,27,,4,0,2,1,50.0%,10,10.0,0,1,10,5.0,0.3,2.5,0
447,BrandonDillon,MIN,23,,3,0,1,1,100.0%,6,6.0,0,0,6,6.0,0.3,2.0,0
448,BenEllefson,JAX,24,te,7,4,4,1,25.0%,10,10.0,0,1,10,2.5,0.1,1.4,0
449,EricFisher,KAN,29,LT,15,15,1,1,100.0%,2,2.0,1,1,2,2.0,0.1,0.1,0
450,RyanFitzpatrick,MIA,38,qb,9,7,1,1,100.0%,0,0.0,0,0,0,0.0,0.1,0.0,2
451,DOntaForeman,TEN,24,,6,0,1,1,100.0%,5,5.0,1,1,5,5.0,0.2,0.8,0
452,DJFoster,ARI,27,,10,0,1,1,100.0%,7,7.0,0,1,7,7.0,0.1,0.7,0
453,AntonioGandy-Golden,WAS,22,wr,6,2,7,1,14.3%,3,3.0,0,0,3,0.4,0.2,0.5,0
454,CullenGillaspia,HOU,25,,7,0,1,1,100.0%,6,6.0,0,0,6,6.0,0.1,0.9,0
455,PennyHart,SEA,24,,13,0,1,1,100.0%,3,3.0,0,0,3,3.0,0.1,0.2,0
456,TemarrickHemingway,WAS,27,,8,0,2,1,50.0%,10,10.0,0,1,10,5.0,0.1,1.3,0
457,DontrellHilliard,2TM,25,,7,0,1,1,100.0%,2,2.0,0,0,2,2.0,0.1,0.3,0
458,CodyHollister,TEN,27,,2,0,1,1,100.0%,12,12.0,0,1,12,12.0,0.5,6.0,0
459,JordanHoward,2TM,26,,7,4,1,1,100.0%,-3,-3.0,0,0,0,-3.0,0.1,-0.4,1
460,BuddyHowell,HOU,24,,14,0,2,1,50.0%,3,3.0,0,0,3,1.5,0.1,0.2,0
461,JasonHuntley,PHI,22,,5,0,2,1,50.0%,0,0.0,0,0,0,0.0,0.2,0.0,0
462,JalenHurts,PHI,22,qb,15,4,1,1,100.0%,3,3.0,0,0,3,3.0,0.1,0.2,9
463,TrentonIrwin,CIN,25,,1,0,2,1,50.0%,5,5.0,0,0,5,2.5,1.0,5.0,0
464,BlakeJarwin,DAL,26,te,1,1,1,1,100.0%,12,12.0,0,1,12,12.0,1.0,12.0,0
465,MarcusKemp,2TM,25,,11,0,1,1,100.0%,11,11.0,0,1,11,11.0,0.1,1.0,0
466,AdrianKillins,PHI,22,,1,0,1,1,100.0%,2,2.0,0,0,2,2.0,1.0,2.0,0
467,KeithKirkwood,CAR,26,,1,0,2,1,50.0%,13,13.0,0,0,13,6.5,1.0,13.0,0
468,JakeKumerow,BUF,28,,6,0,1,1,100.0%,22,22.0,1,1,22,22.0,0.2,3.7,0
469,KendallLamm,CLE,28,t,15,1,1,1,100.0%,1,1.0,1,1,1,1.0,0.1,0.1,0
470,TommyleeLewis,NOR,28,,5,0,3,1,33.3%,5,5.0,0,0,5,1.7,0.2,1.0,0
471,BobbyMassie,CHI,31,rt,8,8,1,1,100.0%,4,4.0,0,1,4,4.0,0.1,0.5,0
472,BakerMayfield,CLE,25,QB,16,16,1,1,100.0%,6,6.0,0,1,6,6.0,0.1,0.4,8
473,BruceMiller,JAX,33,fb,8,5,2,1,50.0%,2,2.0,0,1,2,1.0,0.1,0.3,0
474,GardnerMinshew,JAX,24,qb,9,8,1,1,100.0%,0,0.0,0,0,0,0.0,0.1,0.0,5
475,DonteMoncrief,NWE,27,,6,0,2,1,50.0%,15,15.0,0,1,15,7.5,0.2,2.5,0
476,IsaacNauta,DET,23,,7,0,2,1,50.0%,3,3.0,0,0,3,1.5,0.1,0.4,0
477,SiranNeal,BUF,26,,16,0,1,1,100.0%,13,13.0,0,1,13,13.0,0.1,0.8,0
478,ScottiePhillips,HOU,23,,8,0,1,1,100.0%,7,7.0,0,0,7,7.0,0.1,0.9,0
479,DakPrescott,DAL,27,qb,5,5,1,1,100.0%,11,11.0,1,1,11,11.0,0.2,2.2,3
480,JamesProche,BAL,24,,14,0,3,1,33.3%,14,14.0,0,1,14,4.7,0.1,1.0,0
481,CraigReynolds,JAX,24,,2,0,1,1,100.0%,3,3.0,0,0,3,3.0,0.5,1.5,0
482,AaronRodgers,GNB,37,QB,16,16,1,1,100.0%,-6,-6.0,0,0,-6,-6.0,0.1,-0.4,4
483,JaleelScott,NYJ,25,wr,1,1,1,1,100.0%,16,16.0,0,1,16,16.0,1.0,16.0,0
484,AnthonySherman,KAN,32,rb,13,1,2,1,50.0%,5,5.0,1,1,5,2.5,0.1,0.4,0
485,VyncintSmith,NYJ,24,,7,0,3,1,33.3%,13,13.0,0,1,13,4.3,0.1,1.9,0
486,JeremySprinkle,WAS,26,te,16,6,3,1,33.3%,6,6.0,0,0,6,2.0,0.1,0.4,0
487,RyanTannehill,TEN,32,QB,16,16,1,1,100.0%,0,0.0,0,0,0,0.0,0.1,0.0,6
488,JJTaylor,NWE,22,,6,0,2,1,50.0%,4,4.0,0,0,4,2.0,0.2,0.7,0
489,JordanThomas,2TM,24,,6,0,2,1,50.0%,3,3.0,1,1,3,1.5,0.2,0.5,0
490,ColinThompson,CAR,27,te,15,4,2,1,50.0%,7,7.0,1,1,7,3.5,0.1,0.5,0
491,ZekeTurner,ARI,24,,16,0,1,1,100.0%,26,26.0,0,1,26,26.0,0.1,1.6,0
492,AustinWalter,SFO,24,,4,0,1,1,100.0%,27,27.0,0,1,27,27.0,0.3,6.8,0
493,JonathanWard,ARI,23,,14,0,1,1,100.0%,11,11.0,1,1,11,11.0,0.1,0.8,0
494,TrevonWesco,NYJ,25,te,12,4,2,1,50.0%,5,5.0,0,0,5,2.5,0.1,0.4,0
495,DedeWestbrook,JAX,27,,2,0,1,1,100.0%,4,4.0,0,0,4,4.0,0.5,2.0,1
496,AntonioWilliams,BUF,23,,1,0,1,1,100.0%,20,20.0,0,1,20,20.0,1.0,20.0,0
497,LukeWillson,2TM,30,,8,0,3,1,33.3%,12,12.0,0,0,12,4.0,0.1,1.5,0
498,TJYeldon,BUF,27,,3,0,4,1,25.0%,22,22.0,1,1,22,5.5,0.3,7.3,1
