,Player,Team,1,2,3,4,5,6,7,8,9,10,11,12,13,14,15,16,17,TTL,AVG
0,AdrianPeterson,DET,24,15,39,27,bye,12,18,12,20,7,17,22,32,16,16,6,15,298,18.6
1,FrankGore,NYJ,14,37,26,37,23,25,16,22,23,bye,35,32,2,17,40,31,0,380,25.3
2,LeSeanMcCoy,TB,25,11,11,5,0,19,0,0,0,3,0,1,bye,16,12,13,0,116,11.6
3,MarkIngram,BAL,21,27,18,14,19,10,bye,0,0,17,6,0,11,1,0,0,17,161,14.6
4,TaiwanJones,BUF,0,0,0,1,1,0,0,0,0,0,bye,0,0,0,1,1,0,4,0.3
5,AnthonySherman,KC,11,7,10,0,2,0,0,0,0,bye,2,3,2,5,10,4,4,60,5.0
6,DionLewis,NYG,6,57,20,21,20,9,15,21,17,14,bye,22,12,16,18,24,12,304,19.0
7,LamarMiller,CHI,0,0,0,0,0,0,0,0,0,5,bye,0,0,0,0,0,0,5,5.0
8,AlfredMorris,NYG,0,0,0,0,0,0,0,21,16,15,bye,8,11,6,13,8,13,111,12.3
9,GiovaniBernard,CIN,20,42,18,13,16,35,58,47,bye,44,37,38,35,17,38,44,16,518,32.4
10,LeVeonBell,Multi,32,0,0,0,46,0,17,17,19,0,20,24,33,11,31,20,0,270,24.5
11,TheoRiddick,LV,0,0,0,7,0,bye,0,0,0,0,0,0,13,0,14,0,14,48,12.0
12,ChrisThompson,JAC,13,31,30,16,30,15,0,bye,19,1,0,0,0,0,0,0,0,155,19.4
13,RexBurkhead,NE,19,51,32,0,bye,18,25,32,34,20,12,0,0,0,0,0,0,243,27.0
14,KenjonBarner,TB,0,0,0,4,0,0,0,0,0,0,0,0,bye,0,1,1,0,6,1.0
15,KyleJuszczyk,SF,36,29,38,22,22,22,37,27,23,23,bye,31,14,44,39,30,35,472,29.5
16,LataviusMurray,NO,23,16,21,29,21,bye,23,18,29,24,33,30,32,20,16,29,0,364,24.3
17,CarlosHyde,SEA,22,15,16,0,0,bye,41,0,0,0,46,41,18,32,10,20,0,261,26.1
18,DevontaFreeman,NYG,0,0,15,37,37,35,12,0,0,0,bye,0,0,0,0,0,0,136,27.2
19,JamesWhite,NE,20,0,0,0,bye,31,10,31,21,10,39,20,19,27,27,16,20,291,22.4
20,JerickMcKinnon,SF,19,13,48,67,16,23,12,35,42,44,bye,18,2,0,14,10,9,372,23.3
21,KeithSmith,ATL,13,12,19,16,9,13,14,17,12,bye,7,20,10,16,14,17,13,222,13.9
22,SenorisePerry,TEN,0,2,0,bye,0,0,0,0,0,0,0,0,0,0,0,0,0,2,0.3
23,MelvinGordon,DEN,37,61,39,56,bye,0,46,36,44,40,34,35,35,28,34,51,51,627,41.8
24,ToddGurley,ATL,37,48,35,38,36,46,52,36,44,bye,23,0,22,19,16,27,28,507,33.8
25,AmeerAbdullah,MIN,3,1,0,0,1,18,bye,0,1,3,0,0,4,15,1,11,16,74,4.6
26,TevinColeman,SF,6,30,0,0,0,0,0,6,0,0,bye,0,4,2,6,7,2,63,7.9
27,DukeJohnson,HOU,14,0,0,25,17,19,20,bye,53,54,47,42,34,30,0,0,0,355,32.3
28,TJYeldon,BUF,0,0,6,8,28,0,0,0,0,0,bye,0,0,0,0,0,0,42,14.0
29,MikeDavis,CAR,3,24,39,55,54,60,33,46,26,25,52,37,bye,49,37,40,0,580,38.7
30,DavidJohnson,HOU,48,56,45,36,45,55,54,bye,7,0,0,0,37,0,55,50,62,550,45.8
31,MalcolmBrown,LAR,44,37,34,35,26,27,0,57,bye,29,27,25,13,6,16,44,23,443,29.5
32,TyMontgomery,NO,4,6,0,0,0,bye,0,0,0,0,2,0,0,0,0,16,44,72,12.0
33,MichaelBurton,NO,17,2,11,20,13,bye,12,11,28,15,13,19,14,7,8,18,0,208,13.9
34,RaheemMostert,SF,37,13,0,0,31,35,0,0,0,0,bye,29,27,40,25,0,0,237,29.6
35,EzekielElliott,DAL,63,63,80,63,54,54,38,62,48,bye,46,39,50,32,0,37,48,777,51.8
36,DerrickHenry,TEN,61,44,56,bye,34,45,42,33,29,38,55,46,40,42,43,39,58,705,44.1
37,AlexCollins,SEA,0,0,0,0,0,bye,0,0,13,32,0,0,0,0,0,0,7,52,17.3
38,DevontaeBooker,LV,8,11,4,6,15,bye,15,10,13,26,15,22,33,19,9,15,17,238,14.9
39,JordanHoward,Multi,9,8,4,8,0,0,0,0,21,0,0,0,11,0,0,7,0,68,9.7
40,JonathanWilliams,DET,0,0,0,0,bye,0,0,0,0,0,0,21,6,0,0,0,0,27,5.4
41,CJProsise,HOU,0,3,2,0,0,0,0,bye,0,2,15,10,0,13,0,0,0,45,4.5
42,KenyanDrake,ARI,58,50,44,37,50,42,34,bye,0,38,33,41,29,44,34,52,29,615,41.0
43,TylerErvin,GB,14,28,23,23,bye,0,0,20,22,8,0,0,4,0,0,0,0,142,17.8
44,DJFoster,ARI,0,0,0,0,0,0,0,bye,5,0,0,0,0,0,0,17,3,25,2.5
45,AndyJanovich,CLE,10,22,17,24,14,7,9,6,bye,15,0,0,13,9,12,11,3,172,12.3
46,DerekWatt,PIT,8,6,7,bye,0,4,0,0,0,6,11,4,3,0,0,3,0,52,4.3
47,DeAndreWashington,Multi,0,0,0,0,0,0,10,0,0,4,0,34,0,39,0,0,0,87,21.8
48,DwayneWashington,NO,0,0,0,0,0,bye,0,0,8,0,0,3,0,0,0,0,0,11,1.0
49,PeytonBarber,WAS,29,1,5,5,2,8,23,bye,1,10,14,17,24,30,13,4,6,192,12.0
50,JalenRichard,LV,7,17,20,16,14,bye,19,14,9,3,0,0,32,21,3,17,0,192,14.8
51,CJHam,MIN,12,12,27,33,29,9,bye,22,34,35,35,22,44,40,20,0,32,406,27.1
52,JDMcKissic,WAS,32,29,34,39,27,39,33,bye,45,62,32,28,53,41,70,49,28,641,40.1
53,ElijhaaPenny,NYG,3,4,2,1,3,5,2,3,5,11,bye,14,10,2,8,0,0,73,5.2
54,TroymainePope,LAC,0,0,0,0,4,bye,12,25,0,0,16,6,0,0,0,0,0,63,10.5
55,DalvinCook,MIN,30,43,48,49,36,0,bye,46,38,59,52,46,79,54,52,37,0,669,47.8
56,LeonardFournette,TB,9,26,25,0,1,0,40,51,33,29,36,33,bye,0,45,25,30,383,29.5
57,ChristianMcCaffrey,CAR,65,47,0,0,0,0,0,0,59,0,0,0,bye,0,0,0,0,171,57.0
58,DOntaForeman,TEN,0,0,0,bye,0,0,0,6,8,9,1,5,0,0,0,0,0,29,4.8
59,JoeMixon,CIN,40,46,52,62,51,39,0,0,bye,0,0,0,0,0,0,0,0,290,48.3
60,AlvinKamara,NO,45,41,41,47,58,bye,51,58,37,39,32,31,48,45,40,45,0,658,43.9
61,WayneGallman,NYG,3,0,18,10,12,4,32,32,44,42,bye,51,28,27,23,32,33,391,26.1
62,SamajePerine,CIN,0,0,1,1,0,3,18,24,bye,16,31,7,17,28,12,29,19,206,12.9
63,JamaalWilliams,GB,30,31,19,36,bye,32,55,63,0,31,30,33,21,20,4,0,12,417,29.8
64,KareemHunt,CLE,37,20,29,26,51,30,47,42,bye,38,36,28,35,39,21,35,35,549,34.3
65,MarlonMack,IND,11,0,0,0,0,0,bye,0,0,0,0,0,0,0,0,0,0,11,11.0
66,JeremyMcNichols,TEN,13,11,9,bye,26,29,15,22,16,17,12,18,33,22,8,9,11,271,16.9
67,CoreyClement,PHI,26,3,6,4,3,7,17,19,bye,1,0,4,0,2,0,1,14,107,7.1
68,JamesConner,PIT,15,50,53,bye,47,44,66,31,32,64,52,0,0,23,0,42,43,562,43.2
69,BrianHill,ATL,21,15,24,16,20,21,17,25,19,bye,26,39,11,9,15,19,31,328,20.5
70,TarikCohen,CHI,30,21,26,0,0,0,0,0,0,0,bye,0,0,0,0,0,0,77,25.7
71,AustinEkeler,LAC,50,47,56,3,0,bye,0,0,0,0,0,60,43,44,41,37,31,412,41.2
72,AaronJones,GB,42,35,44,33,bye,36,0,0,40,41,30,38,40,47,56,25,32,539,38.5
73,AlexArmah,CAR,8,17,7,17,10,6,4,3,12,8,13,3,bye,4,7,16,10,145,9.1
74,ChrisCarson,SEA,28,40,45,35,31,bye,15,0,0,0,0,25,42,33,40,40,30,404,33.7
75,DareOgunbowale,JAC,0,0,5,0,0,0,7,bye,3,10,13,0,10,22,14,39,63,186,13.3
76,MattBreida,MIA,14,17,11,17,21,16,bye,8,0,0,7,23,0,0,18,0,0,152,12.7
77,PatrickRicard,BAL,25,28,11,25,17,29,bye,17,22,19,23,0,30,30,39,39,51,405,27.0
78,TreyEdmunds,PIT,0,0,0,bye,6,0,1,0,0,0,0,0,0,0,0,0,0,7,1.8
79,SaquonBarkley,NYG,59,8,0,0,0,0,0,0,0,0,bye,0,0,0,0,0,0,67,33.5
80,RonaldJones,TB,33,21,35,49,49,36,31,17,16,47,25,21,bye,34,0,0,36,450,32.1
81,RoyceFreeman,DEN,6,17,24,14,bye,25,18,0,1,10,4,13,4,4,7,18,29,194,12.1
82,NickChubb,CLE,35,36,34,14,0,0,0,0,bye,28,30,41,36,44,38,47,27,410,34.2
83,KerryonJohnson,DET,20,19,20,11,bye,14,14,11,25,9,39,39,30,14,7,11,9,292,18.3
84,JoshAdams,NYJ,13,5,0,0,0,0,0,0,0,bye,0,1,19,12,1,0,24,75,9.4
85,ItoSmith,ATL,20,11,6,16,9,11,3,0,0,bye,6,28,24,25,31,22,13,225,16.1
86,KalenBallage,Multi,0,8,19,29,0,0,0,0,31,46,55,0,27,23,21,16,25,300,27.3
87,MylesGaskin,MIA,40,49,46,47,42,39,bye,43,0,0,0,0,50,0,0,48,51,455,45.5
88,JaylenSamuels,PIT,20,5,6,bye,2,5,9,8,0,1,0,0,27,27,7,4,0,121,8.6
89,NyheimHines,IND,42,9,20,25,21,21,bye,16,23,39,29,48,23,22,16,29,12,395,24.7
90,BoScarbrough,SEA,0,0,0,0,0,bye,0,0,0,0,12,0,0,0,0,0,0,12,12.0
91,JustinJackson,LAC,11,0,0,21,42,bye,31,41,3,0,0,0,0,11,0,8,22,190,21.1
92,RashaadPenny,SEA,0,0,0,0,0,bye,0,0,0,0,0,0,0,0,6,4,28,38,12.7
93,SonyMichel,NE,19,15,26,0,bye,0,0,0,0,0,0,1,22,15,23,19,41,181,20.1
94,ChaseEdmonds,ARI,28,27,21,21,34,23,50,bye,66,36,36,32,37,40,36,16,21,524,32.8
95,JordanWilkins,IND,1,17,16,12,2,4,bye,39,23,14,9,26,13,6,0,0,0,182,12.1
96,PhillipLindsay,DEN,19,0,0,0,bye,40,14,29,28,21,27,14,26,29,23,0,0,270,24.5
97,DarrelWilliams,KC,23,10,16,0,29,23,1,8,18,bye,20,8,31,5,22,47,4,265,17.7
98,TrentonCannon,CAR,0,0,0,0,2,8,3,0,0,5,4,10,bye,2,0,3,6,43,3.1
99,BostonScott,PHI,38,13,13,9,7,35,55,42,bye,18,27,26,16,15,15,8,46,383,23.9
100,BuddyHowell,HOU,0,0,0,0,0,0,0,bye,5,1,0,4,0,23,10,3,1,47,3.4
101,GusEdwards,BAL,15,20,13,22,25,33,bye,26,24,15,13,27,18,16,27,34,19,347,21.7
102,RyanNall,CHI,1,3,7,1,4,1,0,2,10,17,bye,3,2,3,2,11,1,68,4.5
103,MikeBoone,MIN,1,0,0,0,5,7,bye,0,0,0,0,0,2,4,0,3,12,34,2.1
104,ReggieBonnafon,CAR,0,0,2,21,0,0,0,0,0,0,0,0,bye,0,0,0,0,23,11.5
105,JeffWilson,SF,0,5,23,6,15,0,37,0,0,0,bye,25,28,39,39,39,55,311,25.9
106,DontrellHilliard,Multi,0,0,0,15,0,7,0,0,0,0,0,0,0,0,0,0,0,22,3.1
107,JohnnyStanton,CLE,0,0,0,0,0,0,0,0,bye,0,12,0,0,0,0,0,0,12,12.0
108,DamienHarris,NE,0,0,0,0,bye,12,21,20,28,32,26,34,33,22,0,0,0,228,25.3
109,DavidMontgomery,CHI,29,35,46,53,51,56,0,59,50,0,bye,58,52,40,56,60,62,707,50.5
110,JusticeHill,BAL,0,0,0,0,0,0,bye,2,3,5,7,26,6,6,6,3,9,73,6.1
111,JoshJacobs,LV,49,53,35,52,45,bye,32,48,29,43,44,38,0,29,52,32,38,619,41.3
112,DevinSingletary,BUF,51,34,55,54,46,40,40,28,31,34,bye,25,62,30,39,35,18,622,38.9
113,MilesSanders,PHI,0,55,71,48,50,29,0,0,bye,48,41,43,35,56,69,57,0,602,50.2
114,PatrickLaird,MIA,4,3,1,1,10,6,bye,0,12,10,17,10,19,42,8,0,2,145,9.1
115,TyJohnson,Multi,0,5,0,0,0,4,0,6,2,0,14,10,39,20,22,18,34,174,13.4
116,DexterWilliams,GB,0,0,0,0,bye,0,0,0,4,0,0,0,0,0,0,3,0,7,2.3
117,QadreeOllison,ATL,0,0,1,0,0,0,0,8,5,bye,0,0,0,0,0,0,0,14,4.7
118,AlecIngold,LV,17,16,9,8,22,bye,13,26,6,12,20,11,13,12,20,19,9,233,14.6
119,DarrellHenderson,LAR,5,29,34,22,29,32,0,18,bye,23,33,20,17,7,7,31,0,307,21.9
120,TrayveonWilliams,CIN,0,0,0,0,0,0,0,0,bye,5,0,5,0,27,7,6,9,59,5.9
121,BennySnell,PIT,29,10,15,bye,15,14,6,0,5,4,10,51,33,5,51,22,11,281,17.6
122,TravisHomer,SEA,13,8,16,17,23,bye,16,7,31,7,0,0,0,0,0,0,0,138,15.3
123,DarwinThompson,KC,0,15,6,0,0,3,0,7,0,bye,0,0,0,0,0,0,49,80,6.2
124,AlexanderMattison,MIN,19,10,16,15,43,27,bye,5,16,5,5,12,0,0,6,0,50,229,17.6
125,DevineOzigbo,JAC,0,0,0,0,0,0,0,bye,0,0,4,2,0,6,3,11,1,27,3.4
126,JakobJohnson,NE,21,17,18,0,bye,11,21,16,45,37,19,34,28,24,21,19,19,350,23.3
127,ChandlerCox,MIA,12,15,16,9,23,12,bye,0,9,0,0,0,12,0,0,0,0,108,13.5
128,CullenGillaspia,HOU,0,0,1,0,1,0,0,bye,4,1,0,0,0,0,0,0,0,7,1.0
129,TonyPollard,DAL,10,8,6,23,15,32,19,17,23,bye,21,21,31,19,52,33,34,364,22.8
130,KhariBlasingame,TEN,10,12,19,bye,0,10,8,11,11,14,15,16,6,8,13,5,7,165,11.0
131,JeremyCox,DEN,0,0,0,0,bye,0,8,6,0,4,1,0,0,0,0,0,0,19,2.7
132,AustinWalter,SF,0,0,0,0,0,0,0,0,0,12,bye,0,0,0,0,0,0,12,3.0
133,TonyBrooks-James,ATL,0,0,0,0,0,0,0,0,0,bye,0,6,0,0,0,0,0,6,6.0
134,CraigReynolds,JAC,0,0,0,0,0,0,0,bye,0,0,0,0,0,0,0,3,0,3,1.5
135,DErnestJohnson,CLE,4,2,0,17,22,17,2,6,bye,0,1,3,2,0,5,0,0,81,5.1
136,DAndreSwift,DET,34,20,6,23,bye,17,28,38,30,43,0,0,0,36,42,36,33,386,29.7
137,JonathanTaylor,IND,27,49,24,33,31,37,bye,26,21,17,46,0,33,34,38,40,55,511,34.1
138,JKDobbins,BAL,24,20,24,21,18,30,bye,54,36,29,41,0,21,37,35,35,32,457,30.5
139,ZackMoss,BUF,39,28,0,0,0,13,34,31,38,39,bye,37,11,44,34,36,18,402,30.9
140,CamAkers,LAR,24,3,0,0,13,1,0,20,bye,18,12,17,52,50,36,0,48,294,24.5
141,ClydeEdwards-Helaire,KC,46,48,52,0,43,49,27,33,25,bye,40,47,0,46,45,0,0,501,41.8
142,LaMicalPerine,NYJ,0,9,21,10,0,41,40,28,21,bye,11,0,0,0,0,19,0,200,20.0
143,LeVanteBellamy,DEN,0,0,0,0,bye,0,0,0,0,0,0,0,0,0,0,8,1,9,1.8
144,KeShawnVaughn,TB,0,0,0,19,18,10,0,0,0,0,0,0,bye,4,10,35,3,99,9.9
145,AJDillon,GB,5,7,0,3,bye,10,14,10,0,0,0,0,0,0,5,38,5,97,8.8
146,AnthonyMcFarland,PIT,0,0,10,bye,5,10,5,1,8,0,5,14,11,0,7,0,13,89,8.1
147,DarryntonEvans,TEN,0,0,8,bye,5,0,0,0,0,0,0,0,0,0,13,6,1,33,6.6
148,JJTaylor,NE,9,1,15,0,bye,0,0,0,0,0,0,0,0,0,5,16,4,50,8.3
149,JoshuaKelley,LAC,18,43,23,30,25,bye,38,21,43,17,11,19,3,0,5,0,1,297,21.2
150,SalvonAhmed,MIA,0,0,0,0,0,0,bye,0,28,44,43,0,0,0,44,15,31,205,34.2
151,RodneySmith,CAR,0,0,0,0,0,0,0,0,0,9,9,15,bye,16,24,21,39,133,19.0
152,TonyJones,NO,0,0,0,0,0,bye,0,0,0,0,0,0,0,0,0,0,5,5,5.0
153,AdrianKillins,PHI,0,0,0,8,0,0,0,0,bye,0,0,0,0,0,0,0,0,8,8.0
154,DeeJayDallas,SEA,0,0,0,11,0,bye,13,54,20,22,7,0,12,8,0,0,0,147,12.3
155,ArtavisPierce,CHI,0,0,0,0,0,0,0,0,1,6,bye,0,0,0,0,5,1,13,2.6
156,ScottiePhillips,HOU,0,0,0,0,0,0,0,bye,0,0,0,4,0,1,4,0,0,9,1.1
157,AntonioGibson,WAS,18,43,25,31,30,27,33,bye,25,33,33,45,4,0,0,21,37,405,28.9
158,JaMycalHasty,SF,0,0,6,0,2,15,15,29,15,15,bye,0,0,0,0,0,0,97,12.1
159,JamesRobinson,JAC,35,38,30,52,43,19,57,bye,50,53,41,63,60,40,36,0,0,617,44.1
160,RicoDowdle,DAL,0,0,0,1,0,3,0,0,0,bye,0,0,0,0,8,1,1,14,0.9
161,JasonHuntley,PHI,1,0,0,0,0,0,8,2,bye,0,0,0,0,0,0,0,20,31,6.2
162,AntonioWilliams,BUF,0,0,0,0,0,0,0,0,0,0,bye,0,0,0,0,0,28,28,28.0
163,ReggieGilliam,BUF,3,3,1,3,4,3,13,9,14,1,bye,6,7,4,10,0,0,81,5.8
164,JonathanWard,ARI,0,0,0,0,3,0,0,bye,0,0,0,0,0,0,0,0,1,4,0.3
165,NathanCottrell,JAC,2,0,0,0,0,0,0,bye,0,0,0,0,0,0,0,0,0,2,0.3
166,GabeNabers,LAC,6,8,3,7,13,bye,14,3,1,10,7,7,3,12,11,2,22,129,8.1
167,GregOlsen,SEA,41,45,48,35,45,bye,52,37,26,48,40,0,0,0,0,12,0,429,39.0
168,JaredCook,NO,44,39,21,0,41,bye,34,40,26,21,25,19,28,36,32,40,20,466,31.1
169,JasonWitten,LV,29,26,15,20,38,bye,21,38,21,37,33,17,16,20,37,22,16,406,25.4
170,MarcedesLewis,GB,32,33,20,0,bye,21,30,20,32,26,19,33,35,38,30,31,21,421,28.1
171,JimmyGraham,CHI,53,40,55,41,48,45,0,44,50,29,bye,24,34,29,34,33,30,589,39.3
172,RobGronkowski,TB,54,42,63,65,57,54,55,50,27,65,54,43,bye,39,62,33,45,808,50.5
173,KyleRudolph,MIN,32,38,48,48,64,38,bye,39,42,58,46,57,64,0,0,0,0,574,47.8
174,LukeStocker,ATL,26,29,32,33,23,31,34,34,37,bye,16,34,24,33,32,40,44,502,31.4
175,LeeSmith,BUF,0,0,1,0,0,2,0,8,0,12,bye,17,25,29,30,24,23,171,17.1
176,VirgilGreen,LAC,24,35,12,25,25,bye,20,0,0,0,0,0,0,0,0,0,0,141,23.5
177,BruceMiller,JAC,12,14,2,5,9,4,10,bye,0,0,0,0,0,0,0,6,0,62,7.8
178,DerekCarrier,LV,0,0,1,0,0,bye,0,1,0,0,1,1,0,0,2,0,1,7,0.4
179,TravisKelce,KC,61,74,61,0,65,65,40,50,57,bye,69,68,57,56,78,56,0,857,61.2
180,ZachErtz,PHI,59,67,84,59,56,48,0,0,bye,0,0,0,27,50,63,62,61,636,57.8
181,JordanReed,SF,10,28,18,0,0,0,0,0,13,31,bye,31,31,33,42,10,0,247,24.7
182,TylerEifert,JAC,29,45,40,46,46,5,0,bye,38,40,24,39,51,45,37,28,36,549,36.6
183,LevineToilolo,NYG,24,11,4,11,16,9,9,21,25,21,bye,39,32,10,18,6,19,275,17.2
184,VanceMcDonald,PIT,38,36,41,bye,43,40,35,22,20,0,0,28,28,19,60,16,59,485,34.6
185,LukeWillson,Multi,1,0,0,6,0,0,0,3,0,0,11,37,27,0,0,0,0,85,10.6
186,RyanGriffin,NYJ,18,27,18,21,42,26,27,16,22,bye,27,30,42,22,27,0,26,391,26.1
187,DemetriusHarris,CHI,26,36,34,23,28,24,0,5,6,3,bye,1,6,3,1,0,1,197,14.1
188,JackDoyle,IND,57,0,32,45,34,39,bye,45,22,0,45,22,38,42,42,38,43,544,38.9
189,LoganThomas,WAS,53,60,55,66,47,63,54,bye,54,87,56,67,72,62,80,71,63,1010,63.1
190,EricEbron,PIT,40,50,60,bye,58,46,66,46,59,62,70,49,57,38,10,55,0,766,51.1
191,TreyBurton,IND,0,0,0,36,25,35,bye,39,29,37,24,27,25,25,19,34,20,375,28.8
192,RichardRodgers,PHI,2,0,33,22,19,43,67,16,bye,21,22,22,3,1,0,0,0,271,19.4
193,CameronBrate,TB,7,4,5,16,33,23,12,12,12,29,29,23,bye,24,23,32,34,318,19.9
194,JoshHill,NO,36,22,20,40,28,bye,30,22,45,9,0,39,42,18,7,1,0,359,25.6
195,DarrenFells,HOU,25,24,24,52,50,62,53,bye,34,34,21,29,27,40,18,20,26,539,33.7
196,KyleNelson,SF,0,0,2,0,0,0,0,0,0,0,bye,0,0,0,0,0,0,2,0.7
197,MaxxWilliams,ARI,43,0,0,0,0,0,0,bye,34,39,38,53,18,51,23,0,27,326,36.2
198,JesseJames,DET,39,30,33,30,bye,23,24,20,25,32,29,38,24,26,32,12,28,445,27.8
199,TylerKroft,BUF,4,31,44,20,35,30,58,37,27,0,bye,0,0,0,0,12,0,298,29.8
200,NickBoyle,BAL,41,51,26,38,39,57,bye,50,50,31,0,0,0,0,0,0,0,383,42.6
201,MyColePruitt,TEN,31,21,25,bye,0,0,15,17,7,0,0,0,32,34,38,12,30,262,23.8
202,BlakeBell,DAL,8,31,27,29,18,19,21,41,31,bye,14,18,18,15,22,30,16,358,22.4
203,ChrisManhertz,CAR,36,36,24,58,32,33,20,19,30,26,42,25,bye,29,26,36,30,502,31.4
204,CJUzomah,CIN,49,47,0,0,0,0,0,0,bye,0,0,0,0,0,0,0,0,96,48.0
205,DarrenWaller,LV,56,74,56,70,64,bye,59,57,45,64,55,61,74,66,69,63,60,993,62.1
206,JamesOShaughnessy,JAC,21,35,27,35,33,26,44,bye,33,25,0,24,33,27,25,26,31,445,29.7
207,GeoffSwaim,TEN,0,0,0,bye,28,49,10,0,0,36,44,46,39,32,0,24,46,354,35.4
208,EricTomlinson,Multi,2,0,0,0,0,0,0,0,0,0,0,15,14,10,23,23,38,125,17.9
209,DanielBrown,NYJ,0,0,0,0,0,0,0,0,0,bye,0,1,11,4,2,7,3,28,1.8
210,RossTravis,NYJ,0,0,0,0,0,0,0,0,3,bye,0,0,0,0,0,0,0,3,3.0
211,BeauBrinkley,TEN,0,0,0,bye,0,0,0,1,0,0,0,0,0,0,0,0,0,1,0.1
212,HunterHenry,LAC,59,71,69,45,67,bye,62,84,78,59,75,78,41,66,59,0,0,913,65.2
213,AustinHooper,CLE,56,57,54,63,58,40,0,0,bye,55,45,47,54,0,45,59,51,684,52.6
214,TylerHigbee,LAR,65,59,50,48,56,45,0,57,bye,59,52,38,69,55,49,52,60,814,54.3
215,NickVannett,DEN,16,23,0,28,bye,29,35,11,11,10,41,20,30,45,16,15,31,361,24.1
216,SethDeValve,ARI,0,0,0,0,0,0,0,bye,0,0,0,0,2,27,0,19,0,48,12.0
217,StephenAnderson,LAC,11,4,5,3,0,bye,8,1,3,2,6,6,15,3,4,25,43,139,8.7
218,TemarrickHemingway,WAS,0,0,0,0,5,10,26,bye,1,1,10,9,0,0,0,0,0,62,7.8
219,JPHoltz,CHI,5,7,2,5,5,7,0,5,6,6,bye,11,1,5,7,9,2,83,5.5
220,GarrettGriffin,NO,0,0,0,22,18,bye,0,0,0,0,19,0,0,0,0,0,32,91,22.8
221,OJHoward,TB,37,34,33,28,0,0,0,0,0,0,0,0,bye,0,0,0,0,132,33.0
222,DavidNjoku,CLE,17,0,0,0,21,23,31,29,bye,23,34,40,30,51,31,31,49,410,31.5
223,EvanEngram,NYG,64,63,44,57,55,39,50,61,58,49,bye,78,40,42,43,50,44,837,52.3
224,JakeButt,DEN,16,7,18,34,bye,39,0,0,0,0,0,0,0,0,0,0,0,114,22.8
225,AdamShaheen,MIA,12,18,24,20,38,16,bye,16,24,22,13,25,26,37,43,15,19,368,23.0
226,GeraldEverett,LAR,24,30,28,33,30,30,0,52,bye,43,41,29,60,53,27,52,49,581,38.7
227,JonnuSmith,TEN,59,54,66,bye,57,29,40,50,52,47,52,54,0,41,63,40,41,745,49.7
228,JeremySprinkle,WAS,28,6,6,8,9,11,28,bye,5,4,12,20,13,15,19,11,23,218,13.6
229,GeorgeKittle,SF,61,0,0,72,64,71,60,46,0,0,bye,0,0,0,0,28,41,443,55.4
230,AntonyAuclair,TB,0,0,0,0,0,0,0,3,4,25,6,8,bye,14,0,0,10,70,8.8
231,RobertTonyan,GB,47,44,39,42,bye,37,31,46,41,40,44,41,38,41,39,39,28,637,39.8
232,JacobHollister,SEA,11,9,12,15,3,bye,23,26,31,6,13,37,39,37,40,33,41,376,23.5
233,MasonSchreck,CIN,0,0,1,3,0,2,15,2,bye,0,0,1,1,2,1,1,1,30,2.1
234,CethanCarter,CIN,1,7,9,20,13,23,0,16,bye,12,17,13,14,18,21,24,12,220,14.7
235,MoAlie-Cox,IND,30,49,35,33,21,0,bye,32,35,46,43,38,44,20,25,23,29,503,33.5
236,DarrellDaniels,ARI,14,43,38,27,50,44,41,bye,29,14,0,0,0,0,23,30,11,364,30.3
237,BlakeJarwin,DAL,25,0,0,0,0,0,0,0,0,bye,0,0,0,0,0,0,0,25,25.0
238,EricSaubert,JAC,0,0,0,0,0,0,2,bye,0,0,31,9,17,9,12,4,10,94,11.8
239,RickySeals-Jones,KC,0,0,0,0,0,2,0,0,0,bye,0,0,0,0,0,4,0,6,3.0
240,JohnnyMundt,LAR,10,1,0,11,2,0,0,0,bye,14,6,3,7,1,0,6,14,75,5.0
241,JasonCroom,PHI,0,0,0,0,2,1,8,1,bye,0,0,0,0,0,0,0,0,12,3.0
242,AnthonyFirkser,TEN,32,14,19,bye,23,41,15,26,27,22,28,20,30,16,17,8,10,348,21.8
243,EvanBaylis,ARI,0,0,0,0,4,6,6,bye,0,0,6,21,0,0,0,0,0,43,8.6
244,SeanCulkin,BAL,0,0,0,0,0,0,bye,0,0,0,0,15,0,0,0,0,0,15,15.0
245,PharaohBrown,HOU,0,0,4,7,25,29,19,bye,25,18,27,31,5,0,17,27,38,272,20.9
246,DanArnold,ARI,45,56,31,31,27,26,21,bye,18,35,26,26,9,24,26,36,32,469,29.3
247,ColinThompson,CAR,0,1,2,17,14,9,4,10,6,14,22,24,bye,10,11,22,17,183,12.2
248,MarkAndrews,BAL,42,38,44,37,43,38,bye,51,38,50,56,0,0,40,34,45,42,598,42.7
249,DallasGoedert,PHI,54,63,6,0,0,0,0,54,bye,62,68,71,52,59,74,41,0,604,54.9
250,MikeGesicki,MIA,46,42,30,45,30,37,bye,28,43,28,43,50,49,43,0,45,64,623,41.5
251,TroyFumagalli,DEN,0,0,0,0,bye,0,0,0,0,12,20,12,7,39,19,15,11,135,16.9
252,HaydenHurst,ATL,63,49,43,45,54,69,55,56,51,bye,54,37,42,33,43,44,49,787,49.2
253,DaltonSchultz,DAL,50,44,55,63,58,72,46,75,70,bye,60,51,71,49,51,65,81,961,60.1
254,IanThomas,CAR,46,40,35,44,42,47,32,40,59,29,40,43,bye,47,50,39,41,674,42.1
255,JordanThomas,Multi,0,1,0,1,0,0,0,0,0,0,7,0,0,0,0,0,0,9,1.5
256,JordanAkins,HOU,48,49,32,19,0,0,0,bye,22,24,31,26,45,36,40,17,16,405,31.2
257,MarcusBaugh,WAS,27,15,11,9,0,0,0,bye,0,0,0,0,0,4,3,2,6,77,9.6
258,DurhamSmythe,MIA,14,36,42,29,0,19,bye,32,25,39,13,30,41,36,41,30,23,450,30.0
259,NoahFant,DEN,43,61,53,35,bye,0,54,51,57,60,49,30,54,5,44,64,73,733,48.9
260,ChrisHerndon,NYJ,40,48,51,54,29,45,31,40,30,bye,36,45,41,34,43,60,47,674,42.1
261,RyanIzzo,NE,63,70,43,0,bye,35,23,48,76,54,56,51,43,0,0,0,0,562,51.1
262,TylerConklin,MIN,9,3,10,9,10,9,bye,11,25,46,12,48,59,45,45,55,57,453,28.3
263,KevinRader,PIT,0,0,0,bye,0,0,0,0,0,0,0,0,0,0,0,0,12,12,12.0
264,TannerHudson,TB,0,0,0,8,16,8,2,3,1,7,0,0,bye,0,7,22,0,74,6.7
265,DeonYelder,KC,0,0,9,0,7,7,14,16,7,bye,15,15,15,8,19,6,44,182,14.0
266,RossDwelley,SF,7,39,64,13,1,21,22,39,42,37,bye,44,35,36,46,26,30,502,31.4
267,WillDissly,SEA,26,31,31,28,20,bye,49,43,21,24,43,48,39,36,37,35,49,560,35.0
268,NickKeizer,KC,30,11,20,0,17,21,12,19,13,bye,29,20,13,12,33,13,20,283,18.9
269,JaedenGraham,ATL,9,1,8,6,3,1,8,4,10,bye,2,25,8,11,9,7,4,116,7.3
270,AlbertOkwuegbunam,DEN,0,0,0,0,bye,24,31,16,15,0,0,0,0,0,0,0,0,86,21.5
271,TJHockenson,DET,50,41,54,46,bye,29,44,45,57,39,37,60,53,56,52,46,39,748,46.8
272,KadenSmith,NYG,29,31,16,24,27,23,36,42,41,41,bye,0,37,23,24,26,33,453,30.2
273,DanielHelm,SF,0,0,0,0,0,0,0,0,0,0,bye,0,0,0,21,7,0,28,5.6
274,FosterMoreau,LV,12,32,15,10,12,bye,11,31,13,25,17,8,20,13,20,2,14,255,15.9
275,BrandonDillon,MIN,0,0,0,0,0,0,bye,0,0,2,0,8,2,0,0,0,0,12,4.0
276,DrewSample,CIN,24,54,64,64,63,55,73,62,bye,57,57,38,45,64,51,66,31,868,54.3
277,TrevonWesco,NYJ,8,24,15,8,16,7,9,9,0,bye,0,0,0,12,17,8,13,146,12.2
278,IsaacNauta,DET,0,0,0,0,bye,5,6,6,5,13,4,8,0,0,0,0,0,47,6.7
279,IrvSmith,MIN,31,35,36,41,59,44,bye,41,22,0,33,0,0,28,56,56,63,545,41.9
280,CalebWilson,PHI,0,0,0,0,0,0,0,0,bye,0,0,5,0,0,0,0,4,9,1.8
281,JaceSternberger,GB,12,16,20,14,bye,20,20,27,18,20,16,16,3,0,0,0,0,202,16.8
282,DawsonKnox,BUF,57,22,0,30,25,0,0,0,25,51,bye,38,49,60,40,46,46,489,40.8
283,KahaleWarring,HOU,0,0,0,0,0,0,0,bye,0,0,0,4,6,15,12,8,7,52,7.4
284,ZachGentry,PIT,0,0,0,bye,0,0,0,0,0,14,6,0,0,0,0,0,0,20,10.0
285,AndrewBeck,DEN,6,8,6,8,bye,11,0,0,0,0,0,0,10,6,3,2,7,67,6.7
286,StephenCarlson,CLE,12,4,6,18,0,1,9,9,bye,0,0,3,2,11,0,0,16,91,5.7
287,DonaldParham,LAC,0,0,0,1,7,bye,18,10,9,14,9,12,19,14,24,46,38,221,17.0
288,NateBecker,BUF,0,0,0,0,0,0,0,0,0,0,bye,0,0,0,0,0,30,30,30.0
289,MattSokol,LAC,0,0,0,0,0,bye,0,0,0,0,0,0,0,0,0,0,15,15,7.5
290,ChrisMyarick,MIA,0,0,0,0,0,0,bye,0,0,5,0,0,0,0,3,0,0,8,2.7
291,ColeKmet,CHI,21,22,26,15,21,23,0,30,36,35,bye,54,54,51,64,65,67,584,38.9
292,HunterBryant,DET,0,0,0,0,bye,0,0,0,0,0,0,0,5,4,7,1,8,25,5.0
293,ColbyParkinson,SEA,0,0,0,0,0,bye,0,3,0,0,0,11,2,19,8,0,8,51,8.5
294,HarrisonBryant,CLE,31,30,40,53,29,21,40,39,bye,36,39,42,39,55,30,67,0,591,39.4
295,AdamTrautman,NO,7,8,32,19,0,bye,28,16,29,27,32,39,27,15,21,52,41,393,26.2
296,DevinAsiasi,NE,10,10,29,0,bye,24,0,0,0,0,0,0,0,23,27,47,35,205,25.6
297,JosiahDeguara,GB,24,0,0,7,bye,0,0,0,0,0,0,0,0,0,0,0,0,31,15.5
298,DaltonKeene,NE,0,0,0,0,bye,0,24,0,0,0,0,0,23,31,29,3,30,140,23.3
299,CharlieWoerner,SF,1,8,12,2,2,2,7,6,8,8,bye,13,15,24,0,0,11,119,8.5
300,NoahTogiai,IND,0,37,15,0,0,4,bye,0,0,16,0,0,0,0,0,0,0,72,18.0
301,BenEllefson,JAC,13,17,0,0,0,0,20,bye,26,19,26,13,0,0,0,0,0,134,19.1
302,SeanMcKeon,DAL,0,3,4,0,5,6,2,0,6,bye,5,4,3,9,7,7,4,65,4.6
303,TylerDavis,JAC,0,0,12,7,5,9,0,bye,0,0,0,0,0,0,0,0,0,33,4.1
304,FarrodGreen,IND,0,5,0,0,0,0,bye,0,0,0,0,0,0,0,0,0,0,5,5.0
305,JakeBargas,MIN,0,0,0,0,0,0,bye,0,0,0,0,0,0,0,0,7,0,7,7.0
306,DominiqueDafney,GB,0,0,0,0,bye,0,0,0,0,0,0,0,6,12,11,26,13,68,13.6
307,DannyAmendola,DET,44,33,29,34,bye,20,33,41,48,23,0,0,33,34,27,31,24,454,32.4
308,DeSeanJackson,PHI,38,55,28,0,0,0,39,0,bye,0,0,0,0,0,0,20,0,180,36.0
309,JulianEdelman,NE,38,52,56,0,bye,43,31,0,0,0,0,0,0,0,0,0,0,220,44.0
310,LarryFitzgerald,ARI,65,61,56,53,60,38,65,bye,51,66,55,0,0,57,46,71,0,744,57.2
311,MatthewSlater,NE,1,0,1,0,bye,0,0,0,0,1,0,0,2,0,0,0,0,5,0.3
312,TedGinn,CHI,28,0,16,7,4,3,0,0,0,0,bye,0,0,0,0,0,0,58,11.6
313,DezBryant,BAL,0,0,0,0,0,0,bye,0,2,0,35,32,0,0,18,19,23,129,21.5
314,GoldenTate,NYG,0,40,48,51,40,30,28,38,0,27,bye,46,18,28,30,0,0,424,35.3
315,AndreRoberts,BUF,2,6,11,6,24,1,0,0,0,1,bye,0,0,0,0,11,0,62,4.1
316,EmmanuelSanders,NO,33,47,48,51,45,bye,0,0,22,34,39,20,49,53,39,38,41,559,39.9
317,AntonioBrown,TB,0,0,0,0,0,0,0,0,39,39,43,43,bye,25,32,46,56,323,40.4
318,AJGreen,CIN,45,57,55,53,28,58,64,62,bye,54,54,40,45,63,51,56,34,819,51.2
319,JulioJones,ATL,65,59,0,15,0,66,58,58,63,bye,22,0,63,0,0,0,0,469,52.1
320,RandallCobb,HOU,46,40,34,48,35,44,49,bye,37,32,5,0,0,0,0,0,0,370,37.0
321,AlshonJeffery,PHI,0,0,0,0,0,0,0,0,bye,18,5,35,35,31,52,26,0,202,28.9
322,MohamedSanu,Multi,0,13,20,7,0,0,0,0,0,0,15,39,40,40,42,38,27,281,28.1
323,TYHilton,IND,59,42,31,54,53,59,bye,28,0,47,51,54,43,41,35,47,44,688,45.9
324,MarvinJones,DET,71,53,60,54,bye,40,55,60,71,51,50,68,64,59,58,50,53,917,57.3
325,ColeBeasley,BUF,56,41,38,19,44,34,60,36,46,58,bye,53,55,61,45,35,0,681,45.4
326,ChrisHogan,NYJ,51,59,51,67,45,0,0,0,0,bye,0,0,0,0,0,0,0,273,54.6
327,DeAndreHopkins,ARI,77,75,61,54,65,48,79,bye,67,70,61,71,64,62,65,75,48,1042,65.1
328,RobertWoods,LAR,61,59,67,54,59,57,0,88,bye,56,68,62,61,49,53,68,72,934,62.3
329,KennyStills,HOU,22,28,8,27,17,15,22,bye,15,8,4,0,0,0,0,0,0,166,16.6
330,CordarrellePatterson,CHI,10,14,11,11,15,12,0,10,17,25,bye,9,17,19,6,0,12,188,12.5
331,KeenanAllen,LAC,70,81,75,50,12,bye,69,85,78,55,78,78,62,57,24,0,0,874,62.4
332,TavonAustin,GB,0,0,0,0,bye,0,0,0,0,0,0,0,0,4,4,17,5,30,7.5
333,SammyWatkins,KC,55,45,65,0,26,0,0,0,0,bye,0,57,48,54,80,51,0,481,53.4
334,MikeEvans,TB,65,53,61,54,60,50,62,63,43,64,61,53,bye,39,55,62,11,856,53.5
335,BrandinCooks,HOU,31,53,41,61,48,62,55,bye,59,55,57,49,53,0,68,50,60,802,53.5
336,DavanteAdams,GB,69,38,0,0,bye,52,57,70,50,53,57,63,54,62,60,47,41,773,55.2
337,JordanMatthews,SF,0,0,0,0,0,0,0,0,0,0,bye,0,0,0,0,0,14,14,7.0
338,DonteMoncrief,NE,0,0,0,0,bye,0,0,0,0,0,4,1,15,5,0,0,0,25,4.2
339,AllenRobinson,CHI,53,53,64,55,55,58,0,68,73,45,bye,64,51,45,57,49,71,861,57.4
340,OdellBeckham,CLE,56,39,51,58,63,48,2,0,bye,0,0,0,0,0,0,0,0,317,45.3
341,JarvisLandry,CLE,52,35,45,57,56,44,40,38,bye,38,38,41,48,76,45,0,46,699,46.6
342,JohnBrown,BUF,81,56,29,53,0,51,0,47,53,54,bye,0,0,0,0,0,30,454,50.4
343,WillieSnead,BAL,39,41,47,32,38,50,bye,59,34,45,48,0,0,48,43,12,0,536,41.2
344,BennieFowler,NO,7,4,11,10,24,bye,0,0,0,0,0,0,0,0,0,0,0,56,11.2
345,DontrelleInman,WAS,37,45,45,57,31,66,20,bye,0,0,0,11,10,0,0,0,2,324,32.4
346,AdamThielen,MIN,50,48,61,59,81,52,bye,47,50,72,57,0,83,71,64,56,76,927,61.8
347,DiontaeSpencer,DEN,6,3,2,1,bye,4,0,0,0,2,1,0,0,2,1,13,30,65,5.9
348,SethRoberts,CAR,5,19,17,8,10,15,19,0,0,0,0,0,bye,0,0,0,0,93,13.3
349,AmariCooper,DAL,68,63,65,63,42,79,42,59,60,bye,54,50,69,42,45,51,81,933,58.3
350,DeVanteParker,MIA,23,66,56,57,53,46,bye,29,55,53,63,67,55,27,0,0,76,726,51.9
351,KevinWhite,SF,0,0,0,0,2,0,0,0,7,0,bye,0,0,0,0,0,0,9,3.0
352,NelsonAgholor,LV,12,15,50,68,55,bye,51,56,43,43,44,42,52,45,64,49,44,733,45.8
353,TylerLockett,SEA,58,60,74,56,52,bye,78,59,62,58,49,60,62,47,52,59,58,944,59.0
354,BreshadPerriman,NYJ,56,20,0,0,0,63,54,0,45,bye,59,54,59,53,63,69,56,651,54.3
355,JamisonCrowder,NYJ,48,0,0,64,52,63,0,0,31,bye,56,44,42,38,49,63,42,592,49.3
356,StefonDiggs,BUF,82,48,61,57,60,51,72,53,60,69,bye,60,69,70,67,56,31,966,60.4
357,JakeKumerow,BUF,0,0,0,0,0,0,0,0,3,0,bye,1,4,4,5,0,0,17,2.8
358,DeAndreCarter,Multi,13,0,0,0,3,0,0,0,5,0,0,0,5,0,0,8,2,36,2.8
359,ChrisConley,JAC,16,34,53,21,24,4,16,bye,49,55,37,0,8,9,23,27,52,428,28.5
360,DamiereByrd,NE,56,62,66,0,bye,55,48,65,80,42,62,45,52,52,53,50,40,828,55.2
361,AdamHumphries,TEN,44,34,39,bye,0,41,31,12,0,0,0,0,26,0,0,0,0,227,32.4
362,LaquonTreadwell,ATL,0,0,0,0,0,0,0,0,0,bye,0,0,0,8,5,11,35,59,11.8
363,MichaelThomas,NO,55,0,0,0,0,bye,0,0,40,46,57,43,47,57,0,0,0,345,49.3
364,TylerBoyd,CIN,55,78,54,58,46,57,60,55,bye,52,56,40,24,59,11,0,41,746,49.7
365,PharohCooper,CAR,3,6,9,19,15,4,2,2,4,0,3,0,bye,39,9,10,18,143,8.9
366,SterlingShepard,NYG,53,15,0,0,0,0,46,52,60,58,bye,63,27,39,38,61,49,561,46.8
367,RashardHiggins,CLE,16,5,0,0,40,34,44,35,bye,38,40,41,49,69,47,0,44,502,38.6
368,TajaeSharpe,MIN,7,9,0,0,0,0,bye,0,0,0,0,7,0,5,0,0,0,28,7.0
369,WillFullerV,HOU,47,37,44,50,49,66,67,bye,57,55,60,47,0,0,0,0,0,579,52.6
370,ChrisMoore,BAL,0,0,0,0,0,0,bye,0,0,0,0,0,0,0,0,2,12,14,4.7
371,DemarcusRobinson,KC,33,48,41,0,50,69,34,36,50,bye,63,57,37,33,50,41,47,689,45.9
372,JakeemGrant,MIA,33,10,8,29,14,20,bye,16,29,44,55,24,39,31,0,19,0,371,26.5
373,RobbyAnderson,CAR,56,54,40,45,47,59,40,45,69,35,50,53,bye,57,62,52,42,806,50.4
374,AlexErickson,CIN,4,8,6,7,2,3,0,1,bye,0,5,8,19,8,28,62,37,198,12.4
375,TyreekHill,KC,59,69,60,0,63,67,37,50,59,bye,72,68,61,57,84,43,0,849,60.6
376,MarcusJohnson,IND,0,0,0,34,30,40,bye,48,60,18,38,26,1,8,0,0,0,303,27.5
377,MikeThomas,CIN,16,32,16,25,33,26,17,6,bye,18,0,0,13,6,1,12,10,231,16.5
378,KalifRaymond,TEN,18,28,20,bye,36,21,1,24,14,16,15,15,14,16,0,7,3,248,16.5
379,MarvinHall,Multi,16,17,6,5,0,8,12,42,53,38,38,49,0,0,0,74,0,358,29.8
380,JaydonMickens,TB,0,0,2,11,8,3,3,44,1,0,0,0,bye,0,0,0,3,75,7.5
381,MarkenMichel,CAR,0,0,0,0,0,0,0,0,0,0,0,0,bye,3,0,0,0,3,1.5
382,TommyleeLewis,NO,0,0,0,0,0,bye,0,5,0,0,0,0,4,1,6,0,7,23,4.6
383,DukeWilliams,BUF,0,0,0,0,0,0,4,0,0,0,bye,0,0,0,0,0,0,4,4.0
384,MikeWilliams,LAC,58,74,40,0,55,bye,61,76,73,48,68,67,59,2,28,48,42,799,53.3
385,CoreyDavis,TEN,66,50,55,bye,0,0,52,49,43,40,52,56,57,42,53,45,59,719,51.4
386,JohnRoss,CIN,58,28,0,0,0,1,0,0,bye,0,0,0,0,0,0,0,0,87,29.0
387,ChrisGodwin,TB,66,0,55,0,0,40,59,0,47,72,68,54,bye,44,60,51,59,675,56.3
388,TaywanTaylor,CLE,0,0,0,0,0,10,0,3,bye,0,0,9,0,0,0,0,0,22,7.3
389,JuJuSmith-Schuster,PIT,55,59,58,bye,57,42,65,41,63,61,59,67,61,57,59,63,56,923,57.7
390,ChadHansen,HOU,0,0,0,0,0,0,0,bye,0,0,0,0,59,53,63,50,59,284,56.8
391,ZayJones,LV,9,18,27,67,9,bye,10,10,5,8,5,13,7,16,53,6,26,289,18.1
392,IsaiahFord,MIA,47,48,27,45,24,18,bye,17,0,0,0,0,0,0,53,33,63,375,37.5
393,CooperKupp,LAR,62,59,62,49,56,55,0,92,bye,37,52,55,53,39,48,60,0,779,55.6
394,CurtisSamuel,CAR,51,51,33,36,48,0,22,41,60,34,48,42,bye,53,58,38,44,659,43.9
395,DedeWestbrook,JAC,0,0,16,0,0,0,1,bye,0,0,0,0,0,0,0,0,0,17,8.5
396,JoshReynolds,LAR,37,42,62,30,49,50,0,77,bye,56,65,61,37,35,45,48,55,749,49.9
397,NoahBrown,DAL,3,7,29,23,21,23,15,16,8,bye,15,13,11,8,17,18,1,228,14.3
398,KennyGolladay,DET,0,0,48,50,bye,36,51,18,0,0,0,0,0,0,0,0,0,203,40.6
399,MackHollins,MIA,3,1,3,3,10,3,bye,2,17,11,12,47,13,40,69,49,4,287,17.9
400,TrentTaylor,SF,21,28,30,37,4,6,3,35,33,4,bye,0,0,0,0,0,0,201,16.8
401,CodyHollister,TEN,4,0,0,bye,27,0,0,0,0,0,0,0,0,0,0,0,0,31,15.5
402,AustinCarr,NO,0,0,0,0,0,bye,13,21,0,0,0,15,0,0,0,21,11,81,13.5
403,JoshMalone,NYJ,0,42,38,0,0,0,0,0,0,bye,0,0,0,0,0,0,0,80,20.0
404,TimPatrick,DEN,50,51,53,53,bye,59,51,0,60,42,54,31,59,50,57,69,12,751,50.1
405,IsaiahMcKenzie,BUF,16,7,17,22,23,7,15,6,5,9,bye,12,11,10,22,32,58,272,17.0
406,GehrigDieter,KC,0,0,0,0,0,0,0,0,0,bye,3,0,0,0,0,2,20,25,6.3
407,JamalAgnew,DET,15,9,14,11,bye,12,12,7,0,0,28,25,16,11,10,12,11,193,13.8
408,DavidMoore,SEA,33,32,31,22,23,bye,29,20,34,41,37,24,45,39,21,25,26,482,30.1
409,CJBoard,NYG,21,11,24,32,28,10,0,0,14,6,bye,9,3,1,1,9,0,169,12.1
410,JoJoNatson,CLE,2,3,4,0,0,0,0,0,bye,0,0,0,0,0,0,0,0,9,3.0
411,KeelanCole,JAC,35,51,50,50,60,26,48,bye,47,52,47,61,49,61,43,40,45,765,47.8
412,MarcusKemp,Multi,0,0,0,0,0,2,10,12,0,0,0,4,2,4,0,0,0,34,3.4
413,ZachPascal,IND,46,59,55,54,51,58,bye,58,41,47,51,53,55,41,47,61,56,833,52.1
414,KendrickBourne,SF,57,45,64,50,42,41,30,60,0,41,bye,41,30,72,42,19,54,688,45.9
415,CyrilGrayson,TB,0,18,0,0,12,12,0,0,0,0,0,0,bye,0,0,0,0,42,14.0
416,GregWard,PHI,30,13,76,48,41,58,76,58,bye,42,46,48,44,51,44,66,48,789,49.3
417,FredBrown,DEN,0,0,0,0,bye,0,0,5,0,0,0,0,0,0,0,0,0,5,5.0
418,RiverCracraft,SF,0,0,0,0,0,0,0,0,51,3,bye,2,1,14,12,1,28,112,12.4
419,BrandonZylstra,CAR,8,4,2,8,0,0,5,13,9,11,11,14,bye,26,5,3,7,126,7.9
420,CourtlandSutton,DEN,0,31,0,0,bye,0,0,0,0,0,0,0,0,0,0,0,0,31,31.0
421,JamesWashington,PIT,37,31,49,bye,53,43,18,10,13,28,21,24,38,46,27,18,30,486,30.4
422,AnthonyMiller,CHI,27,26,47,43,26,44,0,53,53,24,bye,47,39,33,16,30,39,547,36.5
423,DeontayBurnett,PHI,0,0,39,19,0,0,0,0,bye,0,0,0,0,0,0,0,0,58,29.0
424,CalvinRidley,ATL,69,63,63,45,48,59,57,23,0,bye,51,56,63,48,58,54,65,822,54.8
425,MichaelGallup,DAL,69,62,70,67,64,72,51,69,69,bye,57,45,74,48,38,58,79,992,62.0
426,JaleelScott,NYJ,0,0,0,0,0,0,0,0,0,bye,0,0,0,9,0,0,0,9,9.0
427,TreQuanSmith,NO,44,53,61,62,59,bye,57,58,45,16,45,31,63,54,24,0,0,672,48.0
428,CedrickWilson,DAL,3,4,24,18,15,25,20,19,11,bye,14,12,20,7,16,13,7,228,14.3
429,DeonCain,PIT,0,0,0,bye,0,4,0,0,0,0,0,0,0,0,0,0,6,10,5.0
430,DantePettis,Multi,45,10,8,0,0,0,0,3,0,0,0,0,0,0,0,29,20,115,16.4
431,DJMoore,CAR,58,65,45,56,51,64,42,48,81,43,61,59,bye,0,56,55,52,836,55.7
432,TreyQuinn,JAC,0,0,0,0,0,0,0,bye,0,0,0,3,0,0,0,0,0,3,3.0
433,ChristianKirk,ARI,63,47,0,36,44,50,65,bye,44,54,61,64,60,66,58,68,0,780,55.7
434,AntonioCallaway,MIA,0,0,0,0,0,0,bye,0,0,0,8,13,13,22,0,0,0,56,11.2
435,BraxtonBerrios,NYJ,0,46,52,8,24,16,48,48,7,bye,1,3,5,11,3,7,11,290,18.1
436,DJChark,JAC,42,59,0,58,50,31,55,bye,59,56,50,0,62,64,49,41,0,676,52.0
437,AllenLazard,GB,67,61,59,0,bye,0,0,0,0,0,36,33,42,46,48,41,36,469,46.9
438,RichieJames,SF,10,0,0,0,0,7,16,0,51,69,bye,63,7,26,54,51,51,405,36.8
439,AudenTate,CIN,15,0,25,22,26,0,6,33,bye,12,21,10,0,0,0,0,0,170,18.9
440,EquanimeousStBrown,GB,0,0,0,0,bye,11,3,22,4,31,15,38,11,17,11,18,15,196,16.3
441,JavonWims,CHI,23,29,23,10,17,13,0,9,0,0,bye,0,28,25,21,36,41,275,22.9
442,RobertFoster,WAS,0,0,0,0,0,0,0,bye,0,0,5,0,0,5,10,7,0,27,6.8
443,DaeSeanHamilton,DEN,47,34,12,57,bye,38,27,61,27,31,15,18,12,13,11,61,70,534,33.4
444,KekeCoutee,HOU,0,5,0,0,0,0,0,bye,0,0,35,28,48,49,55,33,39,292,36.5
445,DauriceFountain,IND,0,15,19,15,5,0,bye,0,10,0,0,0,0,0,0,0,0,64,12.8
446,MarquezValdes-Scantling,GB,41,46,57,61,bye,53,51,61,59,60,51,56,46,47,40,41,22,792,49.5
447,Ray-RayMcCloud,PIT,0,0,3,bye,18,13,8,22,28,15,20,9,5,4,4,4,12,165,10.3
448,DamionRatley,NYG,18,27,18,29,34,0,0,0,0,0,bye,0,0,0,0,0,0,126,25.2
449,JeffBadet,WAS,0,0,0,0,0,0,3,bye,13,5,0,0,0,0,0,0,0,21,7.0
450,JustinWatson,TB,11,54,0,56,0,12,12,5,0,4,0,1,bye,3,0,0,0,158,14.4
451,RussellGage,ATL,55,62,12,47,40,51,24,39,39,bye,49,69,52,41,59,62,61,762,47.6
452,DerrickWillies,CLE,0,0,0,0,0,0,0,0,bye,0,0,0,0,0,0,3,0,3,3.0
453,VyncintSmith,NYJ,0,0,0,0,0,5,3,13,0,bye,0,0,0,0,0,0,29,50,7.1
454,ByronPringle,KC,6,7,3,0,10,28,31,37,19,bye,40,0,0,0,6,7,45,239,19.9
455,BrandonPowell,ATL,2,0,38,0,5,5,24,1,10,bye,4,13,12,28,28,13,0,183,12.2
456,ChristianBlake,ATL,7,9,7,19,14,17,5,38,12,bye,37,50,3,13,15,21,11,278,17.4
457,KeithKirkwood,CAR,0,0,0,0,0,35,0,0,0,0,0,0,bye,0,0,0,0,35,35.0
458,TrentSherfield,ARI,2,5,1,0,9,6,1,bye,1,0,0,0,1,5,2,5,41,79,5.3
459,StevenMitchell,HOU,0,0,0,0,0,0,0,bye,0,0,0,8,6,61,1,2,6,84,14.0
460,CameronBatson,TEN,0,34,45,bye,0,20,0,0,13,24,18,23,23,21,21,25,17,284,23.7
461,CamSims,WAS,0,4,1,4,0,7,61,bye,40,83,52,55,62,59,77,71,63,639,39.9
462,ChadBeebe,MIN,0,0,22,16,27,22,bye,11,17,22,17,35,28,34,20,23,20,314,22.4
463,KhaDarelHodge,CLE,40,33,35,0,0,0,0,34,bye,38,48,29,0,0,8,0,26,291,32.3
464,MalikTurner,DAL,0,0,0,2,0,0,0,0,0,bye,0,0,0,0,0,0,0,2,0.3
465,AJBrown,TEN,66,0,0,bye,47,63,53,59,45,49,57,58,63,37,57,42,64,760,54.3
466,DKMetcalf,SEA,61,63,73,55,52,bye,81,65,65,64,61,55,70,46,51,61,57,980,61.3
467,NKealHarry,NE,51,61,46,0,bye,51,11,0,0,35,52,26,34,36,36,30,58,527,40.5
468,MarquiseBrown,BAL,37,44,44,43,54,62,bye,77,55,62,47,42,45,52,52,43,43,802,50.1
469,HakeemButler,PHI,0,0,0,0,0,0,1,0,bye,0,0,0,0,0,0,0,0,1,0.5
470,JJArcega-Whiteside,PHI,28,16,18,0,8,12,13,5,bye,0,0,0,0,0,0,0,41,141,17.6
471,DeeboSamuel,SF,0,0,0,25,57,60,41,0,0,0,bye,63,58,1,0,0,0,305,43.6
472,RileyRidley,CHI,0,0,0,0,0,0,0,0,16,9,bye,11,0,2,3,0,0,41,8.2
473,CollinJohnson,JAC,9,8,20,13,23,3,13,bye,9,7,10,52,39,19,1,0,0,226,16.1
474,HunterRenfrow,LV,31,40,39,52,24,bye,35,15,30,34,20,41,52,38,13,39,51,554,34.6
475,TerryGodwin,JAC,0,0,0,0,0,0,0,bye,0,2,7,0,0,0,0,0,41,50,16.7
476,AndyIsabella,ARI,14,14,26,24,23,19,42,bye,17,11,18,41,54,0,0,0,3,306,23.5
477,ParrisCampbell,IND,61,2,0,0,0,0,bye,0,0,0,0,0,0,0,0,0,0,63,31.5
478,TerryMcLaurin,WAS,65,62,61,64,54,70,58,bye,53,86,57,62,68,58,78,0,51,947,63.1
479,TravisFulgham,PHI,0,0,0,37,46,58,78,59,bye,59,65,37,25,11,26,22,29,552,42.5
480,KeelanDoss,LV,0,0,0,3,0,bye,0,0,0,0,0,0,0,0,0,0,0,3,3.0
481,MecoleHardman,KC,20,50,29,0,51,29,22,45,42,bye,17,24,21,19,32,41,32,474,31.6
482,LilJordanHumphrey,NO,0,0,0,0,0,bye,0,0,0,0,0,0,0,0,27,16,23,66,22.0
483,JakobiMeyers,NE,8,8,7,0,bye,0,41,64,80,57,68,50,56,59,53,50,65,666,47.6
484,PrestonWilliams,MIA,56,61,35,43,40,40,bye,44,17,0,0,0,0,0,0,0,0,336,42.0
485,DiontaeJohnson,PIT,55,54,19,bye,6,0,59,41,59,63,60,65,57,28,53,56,58,733,48.9
486,KeeSeanJohnson,ARI,0,0,46,0,5,0,0,bye,0,0,0,9,45,19,21,20,49,214,26.8
487,StanleyMorgan,CIN,0,0,0,0,0,0,0,0,bye,0,0,0,0,3,3,10,2,18,3.0
488,ChaseClaypool,PIT,19,24,61,bye,52,51,51,41,56,44,47,45,31,38,43,54,35,692,43.3
489,TylerJohnson,TB,0,0,21,25,56,16,29,35,6,7,7,5,bye,3,11,25,18,264,18.9
490,BryanEdwards,LV,48,49,24,0,0,bye,0,0,1,20,9,19,15,20,24,12,19,260,21.7
491,MilesBoykin,BAL,40,48,46,31,36,34,bye,33,23,19,15,17,48,42,35,42,37,546,34.1
492,AshtonDulin,IND,0,6,12,18,7,6,bye,9,0,0,0,0,8,11,4,8,16,105,8.1
493,JuwannWinfree,GB,0,0,0,0,bye,0,0,0,0,7,0,0,0,1,0,0,0,8,4.0
494,DariusSlayton,NYG,58,58,51,66,64,40,55,68,65,45,bye,56,51,47,47,55,51,877,54.8
495,OlabisiJohnson,MIN,33,42,5,11,8,13,bye,2,8,2,4,58,8,19,9,11,8,241,15.1
496,ScottMiller,TB,43,42,29,40,45,23,43,53,19,9,15,10,bye,5,13,23,28,440,27.5
497,TrentonIrwin,CIN,0,0,0,0,0,0,0,0,bye,0,0,0,0,0,0,5,0,5,5.0
498,PennyHart,SEA,1,0,2,7,0,bye,0,0,0,3,5,8,4,27,0,2,3,62,4.8
499,JeffSmith,NYJ,0,0,0,72,68,60,12,48,2,bye,7,3,0,33,0,0,12,317,26.4
500,TyronJohnson,LAC,0,0,0,8,5,bye,11,0,3,13,11,18,15,54,39,44,43,264,22.0
501,MalikTaylor,GB,1,15,4,45,bye,32,10,13,26,8,0,2,5,0,1,4,0,166,11.1
502,OlamideZaccheaus,ATL,11,16,54,53,63,14,11,9,52,bye,13,12,0,0,0,0,0,308,28.0
503,DeonteHarris,NO,7,31,22,14,0,bye,20,39,8,21,7,0,0,0,0,0,0,169,18.8
504,AlexBachman,NYG,0,0,0,0,0,0,1,0,0,0,bye,0,0,0,0,0,0,1,1.0
505,NsimbaWebster,LAR,0,0,0,0,2,0,0,0,bye,2,0,0,1,1,0,0,0,6,0.4
506,JasonMoore,LAC,0,0,0,25,0,bye,0,10,0,0,0,0,0,0,0,0,0,35,17.5
507,JalenGuyton,LAC,47,44,63,45,65,bye,54,76,69,44,69,63,64,61,53,52,51,920,57.5
508,StevenSims,WAS,58,60,21,0,0,0,0,bye,16,40,20,13,22,23,28,46,30,377,31.4
509,DarriusShepherd,GB,0,0,23,36,bye,6,28,18,23,0,2,2,0,0,0,0,0,138,17.3
510,GunnerOlszewski,NE,0,0,0,0,bye,0,4,42,35,0,0,1,6,0,1,0,13,102,8.5
511,ReggieBegelton,GB,0,0,0,2,bye,0,0,0,0,0,0,0,0,0,0,0,0,2,2.0
512,JerryJeudy,DEN,44,44,46,48,bye,47,58,58,61,61,41,22,49,45,56,61,65,806,50.4
513,CeeDeeLamb,DAL,59,57,49,62,36,60,31,37,39,bye,44,42,48,26,33,36,62,721,45.1
514,HenryRuggs,LV,42,49,0,0,45,bye,49,54,40,45,32,42,63,41,0,44,36,582,44.8
515,TeeHiggins,CIN,15,60,57,43,54,59,63,57,bye,55,62,45,47,65,56,64,3,805,50.3
516,JalenReagor,PHI,40,60,0,0,0,0,0,47,bye,59,63,43,44,47,46,43,19,511,46.5
517,LaviskaShenault,JAC,32,43,45,37,52,28,47,bye,10,0,0,59,25,53,43,48,45,567,40.5
518,JustinJefferson,MIN,36,29,51,51,70,50,bye,34,35,61,59,72,82,68,66,58,64,886,55.4
519,BrandonAiyuk,SF,0,44,56,64,62,62,50,63,0,68,bye,0,53,74,80,52,0,728,60.7
520,KJHamler,DEN,0,48,58,14,bye,0,30,52,55,62,38,28,42,37,49,8,0,521,40.1
521,DevinDuvernay,BAL,11,6,7,16,18,27,bye,37,26,36,13,41,44,9,4,23,30,348,21.8
522,MichaelPittman,IND,42,67,35,0,0,0,bye,45,59,57,67,64,58,55,45,50,58,702,54.0
523,DonovanPeoples-Jones,CLE,0,0,0,34,10,3,36,4,bye,16,7,11,41,58,36,0,13,269,22.4
524,JohnHightower,PHI,28,7,78,50,48,43,30,10,bye,3,1,19,18,0,0,0,12,347,26.7
525,KJHill,LAC,12,6,38,2,35,bye,0,1,0,1,0,0,9,16,15,1,11,147,9.8
526,AntonioGandy-Golden,WAS,0,5,16,12,23,7,0,bye,0,0,0,0,0,0,0,59,0,122,20.3
527,DenzelMims,NYJ,0,0,0,0,0,0,45,55,44,bye,54,52,50,0,58,63,18,439,48.8
528,JamesProche,BAL,5,0,0,1,6,0,bye,3,1,0,1,1,4,0,3,0,0,25,1.8
529,QuintezCephus,DET,62,39,10,6,bye,0,0,0,31,30,17,25,31,33,29,20,32,365,28.1
530,GabrielDavis,BUF,43,22,46,36,72,33,70,35,32,37,bye,60,71,62,68,72,38,797,49.8
531,JoeReed,LAC,3,2,6,0,0,bye,7,2,4,0,0,0,0,0,0,0,3,27,2.5
532,VanJefferson,LAR,33,26,8,3,18,3,0,14,bye,13,4,0,40,19,14,14,44,253,16.9
533,MarquezCallaway,NO,0,13,2,15,52,bye,51,0,17,6,8,13,0,0,0,42,47,266,24.2
534,JuwanJohnson,NO,0,0,0,0,0,bye,13,64,0,0,0,0,20,5,42,23,15,182,26.0
535,LynnBowden,MIA,0,4,0,4,10,5,bye,0,0,0,0,22,31,59,65,58,78,336,33.6
536,IsaiahWright,WAS,0,0,29,58,42,57,0,bye,16,29,16,17,29,17,22,13,2,347,24.8
537,TyrieCleveland,DEN,5,0,4,2,bye,4,13,0,6,0,0,11,2,0,0,0,25,72,7.2
538,AustinMack,NYG,0,0,0,0,0,36,12,10,38,24,bye,17,8,4,7,20,16,192,17.5
539,LawrenceCager,NYJ,0,0,29,10,0,0,0,0,0,bye,0,0,0,0,0,0,0,39,19.5
540,KJOsborn,MIN,1,0,0,0,0,0,bye,0,0,0,0,0,0,0,0,0,0,1,0.1
541,QuezWatkins,PHI,0,0,0,0,5,15,0,0,bye,0,0,0,0,22,28,12,37,119,19.8
542,FreddieSwain,SEA,16,12,34,27,21,bye,23,19,22,25,15,24,27,33,16,23,14,351,21.9
543,JaMarcusBradley,CLE,0,0,0,0,0,0,0,0,bye,0,0,0,11,4,0,77,0,92,30.7
544,DezmonPatmon,IND,0,0,0,0,0,0,bye,0,0,0,0,0,0,0,0,0,2,2,2.0
545,MalcolmPerry,MIA,0,0,0,0,0,0,bye,7,23,23,51,6,0,33,10,1,2,156,17.3
546,NickWestbrook-Ikhine,TEN,0,6,12,bye,45,27,2,2,5,9,0,1,0,19,9,13,7,157,11.2
547,KirkMerritt,MIA,0,0,0,0,0,0,bye,0,1,0,0,0,0,0,0,0,0,1,1.0
548,IsaiahCoulter,HOU,0,0,0,0,0,0,0,bye,0,0,0,0,0,6,0,0,0,6,6.0
549,DarnellMooney,CHI,22,39,51,46,41,44,0,65,67,46,bye,58,56,45,53,53,45,731,48.7
550,IsaiahZuber,NE,0,0,6,0,bye,5,0,6,0,0,0,0,0,0,0,0,0,17,5.7
551,KristianWilkerson,NE,0,0,0,0,bye,0,0,0,2,0,0,0,0,0,0,0,0,2,2.0
552,KendallHinton,DEN,0,0,0,0,bye,0,0,0,0,0,0,24,0,0,0,0,0,24,24.0
553,DeMichaelHarris,IND,0,0,0,0,0,12,bye,0,16,9,16,11,4,0,0,14,0,82,11.7
554,DanChisena,MIN,1,0,0,0,0,2,bye,0,0,0,0,0,0,0,0,0,0,3,0.2
555,AaronRodgers,GB,75,68,62,62,bye,60,60,74,62,65,60,69,61,67,62,63,46,1016,63.5
556,AlexSmith,WAS,0,0,0,0,29,0,0,bye,44,88,62,69,72,32,0,0,63,459,57.4
557,BenRoethlisberger,PIT,64,65,80,bye,75,58,79,53,65,69,69,72,71,57,65,68,0,1010,67.3
558,ChadHenne,KC,0,0,0,0,0,0,10,12,0,bye,0,0,0,0,0,0,53,75,25.0
559,ChaseDaniel,DET,0,0,0,0,bye,0,0,0,15,0,0,0,0,7,9,34,0,65,16.3
560,DrewBrees,NO,66,60,59,67,72,bye,69,70,60,20,0,0,0,0,54,68,52,717,59.8
561,JoeFlacco,NYJ,0,0,0,4,69,71,0,0,46,bye,60,0,0,0,0,0,0,250,50.0
562,MattRyan,ATL,79,75,68,70,65,80,74,70,71,bye,62,69,67,57,65,68,72,1112,69.5
563,MattSchaub,ATL,0,0,0,0,0,0,0,0,0,bye,0,9,0,0,0,0,0,9,9.0
564,MatthewStafford,DET,78,59,66,61,bye,45,61,61,60,59,56,82,68,60,56,4,58,934,58.4
565,PhilipRivers,IND,73,73,46,72,56,63,bye,77,67,69,77,64,66,58,51,69,63,1044,65.3
566,RyanFitzpatrick,MIA,62,75,61,71,67,51,bye,0,0,0,21,71,0,0,0,17,0,496,55.1
567,TomBrady,TB,70,61,68,76,71,55,72,70,49,75,69,59,bye,51,68,43,67,1024,64.0
568,ColtMcCoy,NYG,0,0,0,0,0,0,0,0,0,0,bye,30,56,5,54,0,0,145,36.3
569,BlaineGabbert,TB,0,0,0,0,0,9,0,0,1,5,0,0,bye,0,0,34,0,49,12.3
570,CamNewton,NE,64,72,69,0,bye,57,32,65,81,58,69,53,58,45,55,33,65,876,58.4
571,AndyDalton,DAL,0,2,0,0,22,86,45,0,0,bye,66,59,79,51,58,70,83,621,56.5
572,TyrodTaylor,LAC,74,0,0,0,0,bye,0,0,1,0,0,0,0,0,0,0,0,75,37.5
573,RobertGriffin,BAL,6,0,0,10,1,0,bye,0,0,0,0,44,0,0,0,0,0,61,15.3
574,RyanTannehill,TEN,81,62,75,bye,66,75,57,62,55,59,70,69,73,60,65,52,71,1052,65.8
575,NickFoles,CHI,0,0,43,62,63,66,0,69,77,45,bye,0,0,0,0,8,0,433,54.1
576,KirkCousins,MIN,52,54,65,66,87,56,bye,52,58,73,64,73,91,79,68,64,80,1082,67.6
577,RussellWilson,SEA,62,63,76,63,54,bye,84,68,65,67,66,67,72,55,57,63,65,1047,65.4
578,CaseKeenum,CLE,0,0,0,0,0,15,0,0,bye,0,0,0,0,0,0,0,0,15,7.5
579,TylerBray,CHI,0,0,0,0,0,0,0,0,0,5,bye,0,0,0,0,0,0,5,5.0
580,MikeGlennon,JAC,0,0,0,0,0,0,0,bye,0,0,0,65,71,32,0,55,65,288,57.6
581,MattBarkley,BUF,0,0,0,0,7,0,0,0,0,0,bye,1,0,0,1,15,29,53,10.6
582,GenoSmith,SEA,0,0,0,0,0,bye,0,0,0,0,0,0,0,18,0,0,0,18,18.0
583,TeddyBridgewater,CAR,67,73,51,76,65,68,46,48,83,43,0,65,bye,67,69,67,39,927,61.8
584,AJMcCarron,HOU,0,0,0,0,0,0,0,bye,0,0,0,0,0,1,0,0,0,1,0.5
585,DerekCarr,LV,63,80,59,74,70,bye,65,72,51,72,59,52,78,68,11,64,69,1007,62.9
586,JimmyGaroppolo,SF,62,32,0,0,31,73,66,41,0,0,bye,0,0,0,0,0,0,305,50.8
587,GarrettGilbert,DAL,0,0,0,0,0,0,0,0,73,bye,0,0,0,0,0,0,0,73,73.0
588,MarcusMariota,LV,0,0,0,0,0,bye,0,0,0,0,0,0,0,0,65,0,0,65,65.0
589,JameisWinston,NO,0,0,0,0,0,bye,0,0,10,34,0,3,0,0,0,0,7,54,13.5
590,TaylorHeinicke,WAS,0,0,0,0,0,0,0,bye,0,0,0,0,0,0,0,25,0,25,25.0
591,JaredGoff,LAR,73,69,69,57,68,60,0,95,bye,70,72,62,82,63,59,75,0,974,69.6
592,CarsonWentz,PHI,68,71,91,62,59,72,80,63,bye,67,68,70,36,0,0,0,0,807,67.3
593,DakPrescott,DAL,72,67,82,82,44,0,0,0,0,bye,0,0,0,0,0,0,0,347,69.4
594,JeffDriskel,DEN,0,64,50,1,bye,0,0,0,0,0,0,0,0,0,0,0,0,115,38.3
595,JacobyBrissett,IND,1,0,13,0,0,0,bye,0,1,1,7,10,3,3,3,1,4,47,4.3
596,BrandonAllen,CIN,0,0,0,0,0,0,0,0,bye,0,0,49,44,65,0,76,43,277,55.4
597,NateSudfeld,PHI,0,0,0,0,0,0,0,0,bye,0,0,0,0,0,0,0,18,18,18.0
598,MitchellTrubisky,CHI,65,65,39,0,0,0,0,1,0,0,bye,68,69,60,64,64,75,570,57.0
599,DeshaunWatson,HOU,59,59,47,65,58,71,68,bye,65,57,61,56,64,65,69,52,63,979,61.2
600,PatrickMahomes,KC,69,77,75,0,72,73,41,54,62,bye,78,79,64,62,98,67,0,971,69.4
601,NathanPeterman,LV,0,0,0,0,0,bye,0,0,0,0,0,11,0,0,0,0,0,11,11.0
602,JoshuaDobbs,PIT,0,0,0,bye,0,0,0,0,0,0,0,0,0,0,0,0,9,9,9.0
603,CJBeathard,SF,0,0,0,23,33,0,0,0,0,1,bye,0,0,0,7,56,66,186,31.0
604,NickMullens,SF,0,29,77,50,0,0,0,29,57,70,bye,72,61,81,77,0,0,603,60.3
605,PhillipWalker,CAR,0,0,0,0,0,0,0,9,0,5,71,0,bye,0,0,0,22,107,26.8
606,TaysomHill,NO,17,14,13,20,20,bye,10,14,19,22,66,61,78,63,10,24,21,472,29.5
607,LamarJackson,BAL,53,65,56,47,62,73,bye,82,64,66,65,0,55,49,55,68,57,917,61.1
608,MasonRudolph,PIT,0,0,0,bye,0,7,0,0,4,4,6,0,0,0,0,0,58,79,15.8
609,SamDarnold,NYJ,56,65,64,72,0,0,57,57,0,bye,0,55,62,53,65,69,63,738,61.5
610,BakerMayfield,CLE,73,58,63,75,73,42,52,49,bye,65,67,67,72,83,64,81,62,1046,65.4
611,LoganWoodside,TEN,0,0,0,bye,0,0,0,0,0,6,0,3,0,6,3,3,0,21,3.5
612,JoshAllen,BUF,87,61,62,61,65,53,73,58,68,73,bye,61,73,75,72,57,35,1034,64.6
613,TimBoyle,GB,2,5,0,1,bye,3,2,0,4,0,0,2,0,0,0,3,0,22,2.8
614,KyleAllen,WAS,0,0,0,0,25,73,69,bye,10,0,0,0,0,0,0,0,0,177,44.3
615,JohnWolford,LAR,0,0,0,0,0,0,0,0,bye,0,0,0,0,0,0,0,73,73,73.0
616,DwayneHaskins,WAS,70,66,62,71,0,0,0,bye,0,0,0,0,0,31,80,46,0,426,60.9
617,DrewLock,DEN,59,13,0,0,bye,64,76,65,73,71,65,0,66,61,64,77,81,835,64.2
618,DanielJones,NYG,68,65,52,68,68,48,60,74,77,71,bye,51,0,44,0,64,58,868,62.0
619,RyanFinley,CIN,0,0,1,0,0,0,0,0,bye,0,18,0,8,7,56,0,0,90,18.0
620,BrettRypien,DEN,0,0,13,69,bye,0,1,0,0,0,0,0,0,0,0,0,0,83,27.7
621,EastonStick,LAC,0,0,0,0,0,bye,2,0,0,0,0,0,0,0,0,0,0,2,2.0
622,TraceMcSorley,BAL,0,0,0,0,0,0,bye,0,0,0,0,9,0,11,0,0,0,20,10.0
623,GardnerMinshew,JAC,50,75,66,68,75,34,63,bye,0,0,0,0,0,39,58,0,0,528,58.7
624,KylerMurray,ARI,82,77,65,57,75,62,83,bye,69,73,67,73,64,79,68,82,25,1101,68.8
625,JarrettStidham,NE,0,0,0,0,bye,0,20,0,0,0,0,0,9,14,0,17,0,60,15.0
626,JustinHerbert,LAC,0,83,78,53,71,bye,79,87,78,63,82,83,72,73,66,57,72,1097,73.1
627,DavidBlough,DET,0,0,0,0,bye,0,0,0,0,0,0,0,0,0,0,15,0,15,15.0
628,JohnLovett,GB,1,11,2,6,bye,5,9,0,11,0,0,0,0,0,0,0,0,45,5.6
629,JoeBurrow,CIN,68,92,71,75,67,73,75,73,bye,65,50,0,0,0,0,0,0,709,70.9
630,TuaTagovailoa,MIA,0,0,0,0,0,5,bye,49,61,58,44,0,70,83,72,46,83,571,57.1
631,JalenHurts,PHI,0,3,3,4,2,7,5,2,bye,3,1,2,26,69,83,73,50,333,22.2
632,TylerHuntley,BAL,0,0,0,0,0,0,bye,0,0,0,0,0,0,0,11,0,17,28,14.0
633,JakeLuton,JAC,0,0,0,0,0,0,0,bye,69,64,58,0,0,0,0,0,0,191,63.7
634,ChrisStreveler,ARI,1,1,0,0,0,0,0,bye,0,0,0,0,0,0,0,0,28,30,7.5
635,BenDiNucci,DAL,0,0,0,0,0,3,12,79,0,bye,0,0,0,0,0,0,0,94,31.3
636,TommyStevens,CAR,0,0,0,0,0,0,0,0,0,0,0,0,bye,0,0,0,5,5,5.0
